solID,perfQ,#changes,pas,reliability
2788,-0.02636051862069704,9.46,0.0,-0.723562824462325
2814,-0.15358577740431392,9.27,0.0,-0.6580154205627285
2850,-0.11765454848272199,6.81,1.0,-0.8465975606077715
2858,-0.1764784479895703,11.29,1.0,-0.7886953206077715
2862,-0.14569032152184652,8.01,1.0,-0.7911223606077715
2868,-0.17725301559656192,8.01,0.0,-0.4290784605627286
2876,-0.1764407653630172,9.049999999999999,1.0,-0.8465975606077715
2882,-0.1764411354581008,9.049999999999999,1.0,-0.6588074205627286
2886,-0.18193113032497757,14.55,0.0,-0.19585455999999996
2894,-0.11765462748103914,10.280000000000001,0.0,-0.7886953206077715
2898,-0.15358606850108036,5.8,1.0,-0.7593914205627286
2902,-0.05883138916604088,5.359999999999999,1.0,-0.7886953206077715
2906,-0.17784416649835505,6.999999999999999,1.0,-0.6340541105627285
2910,-0.17644113545810078,8.83,1.0,-0.7886953206077715
2912,0.032462719694301215,4.54,1.0,-0.723562824462325
2916,-0.11765454848272199,6.81,1.0,-0.8465975606077715
