solID,perfQ,#changes,pas,reliability
2710,-0.27119552369637384,15.149999999999999,1.0,-0.7593914205627286
2764,-0.2695561793999014,10.28,0.0,-0.6286208505627285
2798,-0.2695561793999014,10.28,0.0,-0.6286208505627285
2806,-0.2107326499881367,7.82,0.0,-0.6286208505627285
2826,-0.27119552369637384,15.149999999999999,1.0,-0.7593914205627286
2838,-0.2123722853813756,4.35,1.0,-0.7593914205627286
2842,-0.2678584918188123,9.27,0.0,-0.7593914205627286
2846,-0.2107326499881367,7.82,0.0,-0.6286208505627285
2848,-0.2711954446980567,5.8,1.0,-0.8172936605627286
2852,-0.2711958147931403,11.549999999999999,1.0,-0.5307085600000001
2856,-0.059082021057207466,4.1,1.0,-0.30447685056272855
2860,-0.2124021082536525,5.8,1.0,-0.8178067005627285
2862,-0.2711958147931403,11.549999999999999,1.0,-0.5307085600000001
2874,-0.2678584918188123,9.27,0.0,-0.7593914205627286
2878,-0.059082021057207466,4.1,1.0,-0.30447685056272855
2884,-0.27119552369637384,15.149999999999999,1.0,-0.7593914205627286
