solID,perfQ,#changes,pas,reliability
2704,-0.21237191528629198,12.74,1.0,-0.8465975606077715
2732,-0.1764407653630172,9.27,1.0,-0.767737100045043
2746,-0.17313236281400637,21.869999999999997,0.0,-0.6579247506077714
2754,-0.2711954446980567,9.27,1.0,-0.7167096605627286
2786,-0.2107326499881367,12.93,0.0,-0.5280368505627285
2794,-0.1551881746314916,19.82,0.0,-0.6565643717853018
2814,-0.26788704214904585,19.630000000000003,0.0,-0.5272448505627285
2836,-0.11764705882352941,8.14,1.0,-0.8472751606077715
2838,-0.1764407653630172,10.280000000000001,1.0,-0.8465975606077715
2846,-0.1570762604544723,4.54,1.0,-0.6523061915459473
2848,-0.23195589222577107,19.630000000000003,0.0,-0.5280368505627285
2852,-0.15333209229095532,16.4,0.0,-0.6579247506077714
2858,-0.11764705882352941,10.469999999999999,0.0,-0.7886953206077715
2864,-0.11761760604633609,8.01,1.0,-0.7886953206077715
2870,-0.21237191528629198,12.74,1.0,-0.8465975606077715
2872,-0.1551881746314916,19.82,0.0,-0.6565643717853018
