solID,perfQ,#changes,pas,reliability
2756,-0.12982442973540512,5.99,0.0,-0.7093836605627285
2760,-0.2711958147931403,6.8100000000000005,1.0,-0.7593914205627286
2786,-0.27119552369637384,9.27,0.0,-0.7593914205627286
2788,-0.12982442973540512,5.99,0.0,-0.7093836605627285
2800,-0.12982442973631242,7.0,0.0,-0.48243966056272847
2818,-0.13696023454840905,7.0,0.0,-0.4199767015459472
2834,-0.2711958147931403,6.8100000000000005,1.0,-0.7593914205627286
2838,-0.17647058823529413,6.81,1.0,-0.8729755606077715
2872,-0.11761723595125251,4.35,1.0,-0.8465975606077715
2880,-0.2711954446980567,5.8,1.0,-0.8172936605627286
2888,-0.20279371532620452,6.81,1.0,-0.8435992269064596
2896,-0.23526429477478192,7.82,1.0,-0.8465975606077715
2900,-0.1764407653630172,5.36,1.0,-0.8465975606077715
2908,-0.058823529411764705,5.99,1.0,-0.8477543206077714
2912,-0.20279371532620452,6.81,1.0,-0.8435992269064596
2916,-0.17647058823529413,6.81,1.0,-0.8729755606077715
