solID,perfQ,#changes,pas,reliability
2682,-0.21073365692145873,9.239999999999998,0.0,-0.5266142043127285
2718,-0.14397018591443983,7.0,1.0,-0.7867154769064596
2800,-0.20279408542128813,7.82,1.0,-0.7856969869064596
2826,-0.17826307747288136,8.229999999999999,0.0,-0.5236158706114167
2838,-0.2711954446980567,6.81,1.0,-0.7159176605627285
2846,-0.02632312709091041,4.54,1.0,-0.6582856609064596
2852,-0.15191012750969404,6.78,0.0,-0.5266142043127285
2864,-0.17826307747288136,8.229999999999999,0.0,-0.5236158706114167
2874,-0.27122569934838386,19.630000000000003,1.0,-0.5280368505627285
2878,-0.11761723595125251,8.01,1.0,-0.7884136106077715
2882,-0.1439705560095234,5.359999999999999,1.0,-0.7856969869064596
2890,-0.0851839690341446,5.8,1.0,-0.8435992269064596
2894,-0.14397026491275697,9.27,0.0,-0.7856969869064596
2898,-0.2123722853813756,6.81,1.0,-0.7593914205627286
2900,-0.2123722853813756,6.81,1.0,-0.7593914205627286
2902,-0.2711954446980567,6.81,1.0,-0.7159176605627285
