solID,perfQ,#changes,pas,reliability
2770,-0.1764710200133444,12.3,1.0,-0.6579247506077714
2778,-0.2107326499881367,15.02,0.0,-0.45097159
2810,-0.2124021699366192,15.34,1.0,-0.6286208505627285
2818,-0.17647058823529413,6.56,1.0,-0.29590885056272853
2830,-0.10861517272451182,5.99,1.0,-0.6534547015459473
2862,-0.16743127416005066,7.0,1.0,-0.5226841315459473
2866,-0.05883151879554836,8.139999999999999,1.0,-0.6564314205627285
2870,-0.17647055880877202,8.01,1.0,-0.46162457261759493
2880,-0.1535782087468042,5.99,1.0,-0.6286208505627285
2882,-0.034429285717939226,8.01,0.0,-0.6609250669064596
2886,-0.1537417850005427,8.01,0.0,-0.5217008505627285
2892,-0.06755204599085071,11.48,0.0,-0.6639234006077714
2910,-0.06755204599085071,8.01,0.0,-0.5332435005627285
2912,-0.11761723595125251,11.48,1.0,-0.6598443186077715
2916,-0.1748014706383398,11.48,0.0,-0.5923044726626379
2918,-0.1764710200133444,12.3,1.0,-0.6579247506077714
