solID,perfQ,#changes,pas,reliability
2776,-0.16740101950972347,5.99,1.0,-0.6538230915459473
2788,-0.17644113545810078,7.82,1.0,-0.7886953206077715
2794,-0.17647058823529413,5.36,1.0,-0.44838439
2802,-0.13146986958644868,5.99,1.0,-0.7800576500450429
2848,-0.23529411764705882,6.81,1.0,-0.57800645
2856,-0.11761723595125251,5.55,1.0,-0.7909815056077715
2864,-0.0726761630469609,5.99,1.0,-0.8427144415909903
2872,-0.1764407653630172,7.0,1.0,-0.712121045045043
2880,-0.17644084436133434,8.01,0.0,-0.7909815056077715
2884,-0.11764742891861299,7.82,1.0,-0.8471106006077714
2888,-0.1176176060463361,6.37,1.0,-0.7886953206077715
2892,-0.21237191528629198,10.469999999999999,1.0,-0.7909815056077715
2900,-0.07264634017468398,4.54,1.0,-0.7845029915909902
2908,-0.2123722853813756,12.43,1.0,-0.7886953206077715
2914,-0.1535487559696109,4.54,1.0,-0.6580154205627285
2918,-0.11764742891861299,7.82,1.0,-0.8471106006077714
