solID,perfQ,#changes,pas,reliability
5496,-0.10019926352790949,9.15,9.0,-0.09108069357037962
5538,-0.17180309340313454,6.999999999999999,12.0,-0.6953094622416185
5584,-0.39388568401654245,10.38,13.0,-0.5365042516501408
5620,-0.17180309340313454,6.999999999999999,12.0,-0.6953094622416185
5654,-0.11980212541770419,6.81,12.0,-0.8609589285218412
5666,-0.10019926352790949,9.15,9.0,-0.09108069357037962
5674,-0.24546985403020685,9.15,14.0,-0.8173868886328486
5684,-0.1787023889065045,8.01,11.0,-0.8195507124368211
5702,-0.25001688173834624,9.24,12.0,-0.48406975664161855
5706,-0.17180309340313454,6.999999999999999,12.0,-0.6953094622416185
5714,-0.26100832320030987,9.15,16.0,-0.8191937894491013
5724,-0.10019926352790949,9.15,9.0,-0.09108069357037962
5732,-0.10019926352790949,9.15,9.0,-0.09108069357037962
5734,-0.11980212541770419,6.81,12.0,-0.8609589285218412
5754,-0.24546985403020685,9.15,14.0,-0.8173868886328486
5764,-0.24546985403020685,9.15,14.0,-0.8173868886328486
