solID,perfQ,#changes,pas,reliability
5560,-0.210928870541172,8.17,11.0,-0.12641423714255784
5622,-0.3598319982919541,15.99,5.0,-0.763086383988203
5638,-0.10162763882523991,6.59,11.0,-0.7454726691952429
5658,-0.24354907019069705,7.38,13.0,-0.763086383988203
5668,-0.201606995480688,6.37,12.0,-0.8356055425828832
5684,-0.20176924119402345,7.51,12.0,-0.8343903991940714
5688,-0.3598319982919541,15.99,5.0,-0.763086383988203
5698,-0.201606995480688,6.37,12.0,-0.8356055425828832
5718,-0.3598319982919541,15.99,5.0,-0.763086383988203
5722,-0.201606995480688,6.37,12.0,-0.8356055425828832
5730,-0.210928870541172,8.17,11.0,-0.12641423714255784
5738,-0.272899667984338,8.83,13.0,-0.8356055425828832
5742,-0.32114960158113115,11.07,13.0,-0.763086383988203
5750,-0.26853390718084874,12.3,6.0,-0.763086383988203
5758,-0.24354907019069705,7.38,13.0,-0.763086383988203
5762,-0.272899667984338,8.83,13.0,-0.8356055425828832
