solID,perfQ,#changes,pas,reliability
5612,-0.1574777544453451,8.96,12.0,-0.8784545555224027
5650,-0.1958243067637218,7.82,12.0,-0.8199356438027164
5700,-0.11784174188901471,7.3500000000000005,14.0,-0.8848434761873671
5708,-0.1662083526411835,8.01,14.0,-0.8871869313509442
5716,-0.1662083526411835,8.01,14.0,-0.8871869313509442
5728,-0.1662083526411835,8.01,14.0,-0.8871869313509442
5746,-0.11784174188901471,7.3500000000000005,14.0,-0.8848434761873671
5750,-0.1662083526411835,8.01,14.0,-0.8871869313509442
5754,-0.1574777544453451,8.96,12.0,-0.8784545555224027
5758,-0.10336359757203413,7.0,10.0,-0.8931681164530655
5760,-0.11784174188901471,7.3500000000000005,14.0,-0.8848434761873671
5768,-0.1662083526411835,8.01,14.0,-0.8871869313509442
5774,-0.1662083526411835,8.01,14.0,-0.8871869313509442
5776,-0.1958243067637218,7.82,12.0,-0.8199356438027164
5780,-0.11784174188901471,7.3500000000000005,14.0,-0.8848434761873671
5790,-0.1662083526411835,8.01,14.0,-0.8871869313509442
