solID,perfQ,#changes,pas,reliability
5544,-0.12337606458624614,8.139999999999999,11.0,-0.8260957881987697
5598,-0.12337606458624614,8.139999999999999,11.0,-0.8260957881987697
5618,-0.27655897480075936,17.35,8.0,-0.8191882778996169
5634,-0.2205372106269503,13.879999999999999,5.0,-0.813075152294689
5652,-0.12337606458624614,8.139999999999999,11.0,-0.8260957881987697
5664,-0.27655897480075936,17.35,8.0,-0.8191882778996169
5672,-0.20077327945588044,11.42,11.0,-0.8260957881987697
5686,-0.11911930926249056,12.08,7.0,-0.8240041015062808
5698,-0.20772763687111545,11.61,12.0,-0.8209632486978997
5708,-0.27655897480075936,17.35,8.0,-0.8191882778996169
5716,-0.11911930926249056,12.08,7.0,-0.8240041015062808
5724,-0.11911930926249056,12.08,7.0,-0.8240041015062808
5726,-0.12337606458624614,8.139999999999999,11.0,-0.8260957881987697
5738,-0.11911930926249056,12.08,7.0,-0.8240041015062808
5742,-0.2007692838131416,10.28,11.0,-0.8263475566698578
5756,-0.12337606458624614,8.139999999999999,11.0,-0.8260957881987697
