solID,perfQ,#changes,pas,reliability
5482,-0.10370904759733453,7.0,11.0,-0.8222671246836031
5556,-0.1764313050443371,12.93,6.0,-0.7090148799585383
5566,-0.19581079205097432,7.82,13.0,-0.8195992820183053
5606,-0.19124758880119344,7.0,11.0,-0.8221479245905386
5616,-0.19581079205097432,7.82,13.0,-0.8195992820183053
5624,-0.20672992454377362,13.879999999999999,6.0,-0.5293658977009752
5628,-0.26740675163001,14.98,5.0,-0.819440046370705
5656,-0.12676672359310756,8.96,12.0,-0.8195992820183053
5674,-0.2498712636614944,11.2,13.0,-0.7527278500752054
5688,-0.1764313050443371,12.93,6.0,-0.7090148799585384
5712,-0.20672992454377362,13.879999999999999,6.0,-0.5293658977009752
5718,-0.1943959756608625,7.35,10.0,-0.07469457170241345
5728,-0.1747989023154892,18.669999999999998,6.0,-0.819440046370705
5744,-0.26740675163001,14.98,5.0,-0.819440046370705
5746,-0.10610387776657967,7.16,10.0,-0.11040797657798007
5752,-0.1763145880508073,12.93,5.0,-0.8221078890360028
