solID,perfQ,#changes,pas,reliability
5612,-0.16677403363574575,9.24,10.0,-0.7454240996137586
5632,-0.32522794161234486,13.53,12.0,-0.763086383988203
5682,-0.13158396547483672,7.35,12.0,-0.4887672718278777
5684,-0.21326522445237558,11.200000000000001,10.0,-0.7453134335476426
5712,-0.32522794161234486,13.53,12.0,-0.763086383988203
5754,-0.32522794161234486,13.53,12.0,-0.763086383988203
5778,-0.32115017166015836,11.07,13.0,-0.763086383988203
5782,-0.20225434932490874,9.05,12.0,-0.7454726691952429
5792,-0.20225434932490874,9.05,12.0,-0.7454726691952429
5798,-0.32522794161234486,13.53,12.0,-0.763086383988203
5802,-0.27751412460351593,14.67,11.0,-0.763086383988203
5806,-0.16677403363574575,9.24,10.0,-0.7454240996137586
5818,-0.10521723430607029,8.39,11.0,-0.049813757536880776
5820,-0.32522794161234486,13.53,12.0,-0.763086383988203
5826,-0.26124147010106047,10.06,12.0,-0.7453134335476426
5842,-0.20225434932490874,9.05,12.0,-0.7454726691952429
