solID,perfQ,#changes,pas,reliability
13,-0.16594148686037488,8.139999999999999,12.0,-0.9292738213441891
20,-0.11941763731419495,8.14,11.0,-0.8017088576697114
23,-0.16594148686037488,8.139999999999999,12.0,-0.9292738213441891
31,-0.16594148686037488,8.139999999999999,12.0,-0.9292738213441891
47,-0.16594148686037488,8.139999999999999,12.0,-0.9292738213441891
50,-0.11941763731419495,8.14,11.0,-0.8017088576697114
54,-0.16594148686037488,8.139999999999999,12.0,-0.9292738213441891
58,-0.16594148686037488,8.139999999999999,12.0,-0.9292738213441891
62,-0.023927627070035092,4.54,11.0,-0.8019606261407995
63,-0.2498712636614944,8.74,12.0,-0.7554497507242561
66,-0.16594148686037488,8.139999999999999,12.0,-0.9292738213441891
78,-0.16594148686037488,8.139999999999999,12.0,-0.9292738213441891
140,-0.16594148686037488,8.139999999999999,12.0,-0.9292738213441891
141,-0.16594148686037488,8.139999999999999,12.0,-0.9292738213441891
144,-0.19724739651082987,11.29,5.0,-0.8207117855586359
200,-0.11941763731419495,8.14,11.0,-0.8017088576697114
