solID,perfQ,#changes,pas,reliability
3,-0.2435494951773758,10.98,14.0,-0.7618712405993913
7,-0.18727545113146096,7.35,14.0,-0.08792069237838528
28,-0.2435494951773758,10.98,14.0,-0.7618712405993913
45,-0.18727545113146096,7.35,14.0,-0.08792069237838528
53,-0.2435494951773758,10.98,14.0,-0.7618712405993913
63,-0.2435494951773758,10.98,14.0,-0.7618712405993913
82,-0.28047524603765306,13.75,6.0,-0.7632456196358034
166,-0.28047524603765306,13.75,6.0,-0.7632456196358034
167,-0.2435494951773758,10.98,14.0,-0.7618712405993913
195,-0.2435494951773758,10.98,14.0,-0.7618712405993913
248,-0.10719978617447741,11.919999999999998,4.0,-0.657884437392241
252,-0.11055930944530748,11.729999999999999,5.0,-0.8772246835887383
253,-0.23937036813398072,12.739999999999998,6.0,-0.8357647782304836
257,-0.28047524603765306,13.75,6.0,-0.7632456196358034
260,-0.28047524603765306,13.75,6.0,-0.7632456196358034
268,-0.28047524603765306,13.75,6.0,-0.7632456196358034
