solID,perfQ,#changes,pas,reliability
2,-0.25102351239789067,12.93,6.0,-0.8352854428658558
14,-0.0555391746130854,4.89,11.0,-0.7339049182365903
93,-0.32538921812950494,13.53,12.0,-0.763086383988203
102,-0.32538921812950494,13.53,12.0,-0.763086383988203
107,-0.25102351239789067,12.93,6.0,-0.8352854428658558
115,-0.32538921812950494,13.53,12.0,-0.763086383988203
146,-0.0555391746130854,4.89,11.0,-0.7339049182365903
155,-0.2050033533176901,12.739999999999998,6.0,-0.8609589285218412
158,-0.25102351239789067,12.93,6.0,-0.8352854428658558
167,-0.32538921812950494,13.53,12.0,-0.763086383988203
172,-0.32131188947277967,12.209999999999999,13.0,-0.7618712405993913
174,-0.0555391746130854,4.89,11.0,-0.7339049182365903
183,-0.298346715998783,13.75,6.0,-0.8356055425828832
186,-0.32538921812950494,13.53,12.0,-0.763086383988203
190,-0.32538921812950494,13.53,12.0,-0.763086383988203
198,-0.25102351239789067,12.93,6.0,-0.8352854428658558
