solID,perfQ,#changes,pas,reliability
8,-0.14780113546611803,6.69,11.0,-0.838021616777093
12,-0.20939740207635538,7.16,12.0,-0.4821869865349982
33,-0.20939740207635538,7.16,12.0,-0.4821869865349982
57,-0.14780113546611803,6.69,11.0,-0.838021616777093
64,-0.14780113546611803,6.69,11.0,-0.838021616777093
65,-0.2660578695228072,7.82,13.0,-0.4843449048224134
69,-0.14780113546611803,6.69,11.0,-0.838021616777093
101,-0.03809020686655988,4.54,9.0,-0.893475496397635
105,-0.0976849624199155,3.09,13.0,-0.7651639270021757
109,-0.03126834695968717,3.09,10.0,-0.8382733852481811
112,-0.20939740207635538,7.16,12.0,-0.4821869865349982
113,-0.14780113546611803,6.69,11.0,-0.838021616777093
117,-0.14780113546611803,6.69,11.0,-0.838021616777093
125,-0.2660578695228072,7.82,13.0,-0.4843449048224134
128,-0.2435494951773758,11.77,14.0,-0.7631264195427387
129,-0.14780113546611803,6.69,11.0,-0.838021616777093
