solID,perfQ,#changes,pas,reliability
0,-0.0468233493707647,4.89,12.0,-0.04882523509900205
2,-0.1616880706963916,8.23,7.0,-0.942195382518357
4,-0.10162767386552095,6.59,11.0,-0.7454726691952429
5,-0.16153921530963378,7.16,12.0,-0.040621583276927664
40,-0.0468233493707647,4.89,12.0,-0.04882523509900205
49,-0.0468233493707647,4.89,12.0,-0.04882523509900205
50,-0.0468233493707647,4.89,12.0,-0.04882523509900205
54,-0.10892435970535119,10.28,6.0,-0.7454726691952429
56,-0.2118668266490629,7.82,13.0,-0.7498128887172529
57,-0.1533458839597757,7.16,11.0,-0.040621583276927664
64,-0.1533458839597757,7.16,11.0,-0.040621583276927664
74,-0.0468233493707647,4.89,12.0,-0.04882523509900205
75,-0.1533458839597757,7.16,11.0,-0.040621583276927664
83,-0.1533458839597757,7.16,11.0,-0.040621583276927664
98,-0.0468233493707647,4.89,12.0,-0.04882523509900205
212,-0.11498717736712807,10.47,6.0,-0.7450663892618268
