solID,perfQ,#changes,pas,reliability
9,-0.02301725395607996,2.9,12.0,-0.8029388351180754
15,-0.24017760403276375,9.24,11.0,-0.820482063285485
59,-0.02301725395607996,2.9,12.0,-0.8029388351180754
74,-0.24017760403276375,9.24,11.0,-0.820482063285485
75,-0.24017760403276375,9.24,11.0,-0.820482063285485
82,-0.24017760403276375,9.24,11.0,-0.820482063285485
136,-0.02301725395607996,2.9,12.0,-0.8029388351180754
163,-0.24017760403276375,9.24,11.0,-0.820482063285485
192,-0.18877358054301321,7.6,11.0,-0.8207117855586359
193,-0.02301725395607996,2.9,12.0,-0.8029388351180754
229,-0.24017760403276375,9.24,11.0,-0.820482063285485
233,-0.24017760403276375,9.24,11.0,-0.820482063285485
235,-0.24017760403276375,9.24,11.0,-0.820482063285485
248,-0.20129530524509756,9.24,10.0,-0.8403141005200605
249,-0.24017760403276375,9.24,11.0,-0.820482063285485
252,-0.24017760403276375,9.24,11.0,-0.820482063285485
