solID,perfQ,#changes,pas,reliability
3,-0.030298829486439922,5.99,11.0,-0.8721352533350918
82,-0.2532890784087994,8.14,11.0,-0.8322122464271732
140,-0.12147717451533338,7.0,11.0,-0.8931681164530655
149,-0.22718035544960166,14.069999999999999,5.0,-0.6592627043942787
199,-0.2092573353432863,8.96,13.0,-0.8819383102039117
206,-0.12147717451533338,7.0,11.0,-0.8931681164530655
210,-0.22718035544960166,14.069999999999999,5.0,-0.6592627043942787
211,-0.030298829486439922,5.99,11.0,-0.8721352533350918
214,-0.13796949198494138,6.81,13.0,-0.8932309441533162
215,-0.13796949198494138,5.359999999999999,12.0,-0.893230944153316
220,-0.15376334677040057,7.16,11.0,-0.890887488989739
229,-0.030298829486439922,5.99,11.0,-0.8721352533350918
232,-0.030298829486439922,5.99,11.0,-0.8721352533350918
233,-0.030298829486439922,5.99,11.0,-0.8721352533350918
240,-0.030298829486439922,5.99,11.0,-0.8721352533350918
241,-0.22718035544960166,14.069999999999999,5.0,-0.6592627043942787
