solID,perfQ,#changes,pas,reliability
4,-0.1336468114926295,7.16,11.0,-0.873743783800285
5,-0.4093167199779929,15.17,9.0,-0.762947623253803
15,-0.08855056119558223,4.54,14.0,-0.7598679267991528
24,-0.37292200904353695,8.58,14.0,0.18265736852170444
34,-0.08855056119558223,4.54,14.0,-0.7598679267991528
40,-0.08855056119558223,4.54,14.0,-0.7598679267991528
41,-0.4093167199779929,15.17,9.0,-0.762947623253803
48,-0.08855056119558223,4.54,14.0,-0.7598679267991528
49,-0.08855056119558223,4.54,14.0,-0.7598679267991528
57,-0.4093167199779929,15.17,9.0,-0.762947623253803
76,-0.08855056119558223,4.54,14.0,-0.7598679267991528
104,-0.33801634724130675,13.940000000000001,9.0,-0.762947623253803
190,-0.33801634724130675,13.940000000000001,9.0,-0.762947623253803
200,-0.0953182575986462,8.01,5.0,-0.7217402556907759
202,-0.4093167199779929,15.17,9.0,-0.762947623253803
254,-0.4093167199779929,15.17,9.0,-0.762947623253803
