solID,perfQ,#changes,pas,reliability
38,-0.1589129842390344,12.93,12.0,-0.8624500682691475
62,-0.23564750077602808,13.19,11.0,0.10755287084434224
84,-0.03250117311754051,4.54,12.0,-0.8179897813208885
100,-0.13494020527763143,7.0,13.0,-0.5267801938402248
180,-0.06354226206769208,7.949999999999999,10.0,-0.4846859508168807
184,-0.18848593122864957,7.16,13.0,-0.7617814763581253
192,-0.07800749675842454,8.14,12.0,-0.8017236917292636
200,-0.20582025829322861,12.93,13.0,-0.0901978107588651
208,-0.17641340531712446,11.42,11.0,-0.5338283002609753
212,-0.04078660621720571,8.14,11.0,-0.8179897813208885
220,-0.24370090868701727,7.82,14.0,-0.7632707098222015
224,-0.25055626641524403,17.35,8.0,-0.4774746378784733
228,-0.17851650386528364,8.01,12.0,-0.7469474871801375
236,-0.19005149874526187,8.96,13.0,-0.7304268278198531
240,-0.08426721259076933,8.14,10.0,-0.7652304784420852
244,-0.20582025829322861,12.93,13.0,-0.0901978107588651
