solID,perfQ,#changes,pas,reliability
50,-0.22786453355331027,18.11,5.0,-0.08213824341295604
58,-0.16181947298108187,7.95,13.0,-0.5267466460552361
116,-0.1555955118175321,8.14,11.0,-0.5448864655627379
134,-0.07037394579880699,7.95,10.0,-0.6541846390594832
138,-0.2735128286723239,17.63,9.0,-0.7630837557350798
184,-0.15644033725686543,13.879999999999999,8.0,-0.4465307926594833
194,-0.17901031218464375,9.15,13.0,-0.8082833091839743
200,-0.1272915709371316,6.5,13.0,-0.7630528362032145
204,-0.13455523790323268,6.34,11.0,-0.6174906096252173
208,-0.26446570201034253,23.85,5.0,-0.08566178951676237
216,-0.10266564081741929,4.89,11.0,-0.8537967997731957
220,-0.1860532549063583,8.23,12.0,-0.7924844770704883
232,-0.19912798729474684,7.95,14.0,-0.7633436217511026
236,-0.17277458522508513,8.14,13.0,-0.5435057171407196
242,-0.16321811491195218,8.14,12.0,-0.5454200340957974
248,-0.07037394579880699,7.95,10.0,-0.6541846390594832
