solID,perfQ,#changes,pas,reliability
0,-0.15163648365696997,5.55,14.0,-0.02965861755547816
1,-0.24457828287788308,17.66,6.0,-0.745470129842601
6,-0.23242531258588078,17.35,12.0,-0.7440982901588309
24,-0.18766990928113267,6.6899999999999995,12.0,0.18414558683850057
130,-0.19859589275913692,9.15,14.0,-0.7555089982961417
134,-0.0535700349821987,5.99,18.0,-0.9445735258452331
142,-0.19559714465055306,10.38,12.0,-0.5301484936649488
146,-0.1396012146343434,10.19,11.0,-0.5308391614558251
156,-0.2460898085801993,13.440000000000001,13.0,-0.7618712405993913
188,-0.10892435970535119,17.66,5.0,-0.8208710212062362
216,-0.17316553483918282,18.009999999999998,5.0,-0.48876727182787766
224,-0.09851964626977609,7.95,11.0,-0.19574802182999085
228,-0.1901930008350144,8.01,13.0,-0.8770654479411378
232,-0.16953073864302257,11.92,8.0,-0.8133121425822314
240,-0.18451702089697278,6.37,14.0,-0.7632456196358034
248,-0.19559714465055306,10.38,12.0,-0.5301484936649488
