solID,perfQ,#changes,pas,reliability
104,-0.05210666762781578,4.7,11.0,-0.46418846366374017
138,-0.15189761390079706,7.949999999999999,12.0,-0.8277687678073276
154,-0.028061409530146745,4.54,12.0,-0.4763115348273172
158,-0.18426322942932868,8.01,13.0,-0.8194410976719544
176,-0.10669319625463,7.510000000000001,14.0,-0.7080415814681673
180,-0.19433712050047466,8.14,13.0,-0.8354267932515173
192,-0.03758529347737718,2.9,11.0,-0.46653191882731715
194,-0.13307638562677862,6.5,12.0,-0.4662801503562291
208,-0.07094946875012305,6.34,10.0,-0.018170685059099356
216,-0.22871066817492738,10.16,11.0,-0.732094645427541
224,-0.21379117989206325,14.069999999999999,10.0,-0.09334107603164454
228,-0.09778372433980309,12.620000000000001,5.0,-0.13462958760457677
232,-0.12500924524092924,9.149999999999999,10.0,-0.788741838020698
236,-0.09952652686848497,9.15,11.0,-0.8195939277385303
240,-0.24457833000250956,16.69,6.0,-0.09772682616816332
244,-0.19433712050047466,8.14,13.0,-0.8354267932515173
