solID,perfQ,#changes,pas,reliability
124,-0.09220178899899593,8.139999999999999,10.0,-0.6952258962790658
142,-0.20015196358333204,7.35,10.0,-0.06547736363766798
176,-0.10871496930322663,8.139999999999999,12.0,-0.6971981188390659
188,-0.032840560384480334,4.54,11.0,-0.49330834351195824
192,-0.029510454088046707,3.25,12.0,-0.8183683303950589
196,-0.0523089870178617,3.09,13.0,-0.7630742660296512
200,-0.10689399215474751,7.0,12.0,-0.6144274183742664
204,-0.16422115528985914,6.69,10.0,-0.2691538209803901
216,-0.17792579192598806,18.36,11.0,-0.7302425019858547
220,-0.10166803434914276,6.69,12.0,-0.7363528378518616
224,-0.09056701572795914,7.35,10.0,-0.4980464198598777
228,-0.1351001274951033,9.149999999999999,11.0,-0.8197411944141431
232,-0.08370699312370815,6.69,12.0,-0.7630742660296512
234,-0.19706110716180958,14.89,13.0,-0.6134635506245554
240,-0.19026091153760585,9.149999999999999,12.0,-0.8207045693318668
244,-0.12430730795114389,7.95,11.0,-0.688102355438876
