solID,perfQ,#changes,pas,reliability
40,-0.09327452250641326,6.779999999999999,11.0,-0.8207117855586359
98,-0.10150881274006414,5.55,13.0,-0.592824408864675
120,-0.0407996836838315,4.54,13.0,-0.5930987984907355
156,-0.07049299269298408,5.99,11.0,-0.6177977949700728
160,-0.16721260433101012,8.01,11.0,-0.5454925170005923
172,-0.20023408792341388,19.9,5.0,-0.7632456196358034
180,-0.11550791695868486,8.139999999999999,11.0,-0.8297409414827798
204,-0.10892435970535119,17.66,5.0,-0.8208710212062362
212,-0.1263937825758976,9.149999999999999,12.0,-0.8526075707216183
220,-0.18963907081034378,7.819999999999999,12.0,-0.8327768222100367
224,-0.1901930008350144,10.98,13.0,-0.7302425019858547
228,-0.1801356909531788,13.879999999999999,5.0,-0.8131343998665745
232,-0.17203958310363146,8.01,13.0,-0.8462726416584021
236,-0.13078104574885505,8.139999999999999,11.0,-0.8187048818649714
244,-0.1929869924651134,7.819999999999999,11.0,-0.5008323084792785
248,-0.17203958310363146,8.01,13.0,-0.8462726416584021
