solID,perfQ,#changes,pas,reliability
54,-0.2151636084778498,8.959999999999999,12.0,-0.8496662945724368
92,-0.11265469606006098,3.91,13.0,-0.5565854827273045
116,-0.012809623398967882,1.45,13.0,-0.5565854827273045
138,-0.25925805860613566,14.42,5.0,-0.7620369645860068
142,-0.16921535913241334,5.8,11.0,-0.444585205861635
170,-0.1979343751263635,8.17,12.0,-0.817096591207128
182,-0.23053651458325297,11.73,5.0,-0.6919987512224133
188,-0.18067957556851746,6.34,13.0,-0.5252869102109342
192,-0.07873277916048539,5.55,13.0,-0.784780296250658
204,-0.20422024827119273,6.8100000000000005,12.0,-0.4964099414738141
212,-0.08779891569446685,6.56,13.0,-0.7661866454151132
216,-0.21550935848695052,12.27,6.0,-0.7615931003589126
220,-0.21939277541718488,13.940000000000001,13.0,-0.8462726416584021
222,-0.23053651458325297,11.73,5.0,-0.6919987512224133
226,-0.25925805860613566,14.42,5.0,-0.7620369645860068
230,-0.2151636084778498,8.959999999999999,12.0,-0.8496662945724368
