solID,perfQ,#changes,pas,reliability
160,-0.24307687689715343,11.48,14.0,-0.5357315285115073
186,-0.10211373247452736,6.15,12.0,-0.8352184350501289
270,-0.19330620108494373,12.43,10.0,-0.8207117855586359
296,-0.19476257157370735,8.96,13.0,-0.4841130694553879
304,-0.14858178581174347,7.16,10.0,-0.11841822671940194
324,-0.22206932910844407,12.43,13.0,-0.7450937474164919
326,-0.22450720506031938,12.739999999999998,9.0,-0.7630057815429491
348,-0.21109118440368205,8.17,11.0,-0.12641423714255784
352,-0.18167542053745295,9.15,12.0,-0.7655624268410112
356,-0.07275123552711402,5.8,11.0,-0.8326962197647828
364,-0.07898747074677528,5.99,13.0,-0.7808867731577191
368,-0.2189969624413262,9.15,13.0,-0.7659948456026234
376,-0.12762732873431387,5.99,13.0,-0.1084646855619491
380,-0.2281787661571266,11.61,13.0,-0.7256532365541076
388,-0.17224955138518666,7.51,13.0,-0.7628945841757133
392,-0.2189969624413262,9.15,13.0,-0.7659948456026234
