solID,perfQ,#changes,pas,reliability
124,-0.19005149874526187,7.510000000000001,12.0,-0.730399198280813
218,-0.014642764601655119,4.54,11.0,-0.8769854957745609
246,-0.11090447717073058,8.229999999999999,11.0,-0.7739562057649747
268,-0.25001917479081653,8.61,13.0,-0.763086383988203
284,-0.19585029908152923,5.36,13.0,-0.7598406294885458
296,-0.19550966584794663,9.969999999999999,12.0,-0.7303991982808129
308,-0.028877465556480384,5.99,17.0,-0.9024189291837335
338,-0.1247584212749542,12.08,9.0,-0.7627138823193941
346,-0.2974817309325943,14.01,13.0,-0.0856617895167625
350,-0.1627025344449525,5.55,12.0,-0.7653029007148991
354,-0.12473020263426407,7.0,12.0,-0.8195992820183053
356,-0.25002183391268074,9.75,13.0,-0.762834615517115
368,-0.2161257111713729,14.32,9.0,-0.7616401106546125
372,-0.028074596923108874,4.54,12.0,-0.8768278520258667
376,-0.03272676901570089,4.89,11.0,-0.11001114501510856
380,-0.19550966584794663,9.969999999999999,12.0,-0.7303991982808129
