solID,perfQ,#changes,pas,reliability
56,-0.19085240265423029,7.82,12.0,-0.8770654479411379
144,-0.15354487945976286,8.959999999999999,10.0,-0.5844055954106576
164,-0.15354487945976286,7.510000000000001,12.0,-0.5267801938402248
168,-0.2659924301085895,10.16,13.0,-0.11332656787190484
172,-0.15682928857644382,8.959999999999999,11.0,-0.2563608136478993
206,-0.14737624812036196,7.51,12.0,0.16085378355402058
232,-0.09304533536957015,10.469999999999999,11.0,-0.8353498372907349
256,-0.22476809827253666,9.969999999999999,12.0,-0.5267801938402248
284,-0.10246165146034263,6.8100000000000005,12.0,-0.8772246835887382
288,-0.10246165146034263,6.8100000000000005,12.0,-0.8772246835887382
314,-0.23911114845893652,8.14,12.0,-0.2523223209454993
330,-0.03261139251051286,4.35,14.0,-0.9024988813503104
352,-0.14737624812036196,7.51,12.0,0.16085378355402058
356,-0.14440828375518874,7.0,13.0,-0.6957038105154779
372,-0.15354487945976286,8.959999999999999,10.0,-0.5844055954106576
386,-0.22476809827253666,9.969999999999999,12.0,-0.5267801938402248
