solID,perfQ,#changes,pas,reliability
170,-0.017336671301282976,8.14,10.0,-0.7177588603887209
254,-0.19725154280818885,14.89,6.0,-0.6033265319870282
314,-0.08825567947389241,5.99,12.0,0.1882227449116246
320,-0.2454716105024923,7.0,14.0,-0.8192533217453191
326,-0.18805648686465598,14.07,13.0,-0.8319919124919168
340,-0.23585245827140885,5.55,13.0,-0.762899659362817
360,-0.03471674033565679,4.89,12.0,-0.020580879158725862
364,-0.0655122710724523,4.54,12.0,0.18368288544844502
372,-0.031132944597735655,4.54,13.0,-0.7864193771922081
384,-0.023981101192338365,3.09,14.0,-0.7297721845990511
388,-0.14967420321569205,7.510000000000001,12.0,-0.5367505085717448
396,-0.11902575523336004,11.92,13.0,-0.8342271284251338
400,-0.13157333956746045,13.879999999999999,6.0,-0.7637299445455449
406,-0.18435467745041337,7.510000000000001,13.0,-0.7632456196358034
410,-0.18805648686465598,14.07,13.0,-0.8319919124919168
416,-0.2570964115579039,5.99,14.0,-0.47736743863921627
