solID,perfQ,#changes,pas,reliability
198,-0.16913685242510187,8.01,10.0,-0.7493651397037534
214,-0.17241183707446964,9.02,13.0,-0.763086383988203
284,-0.12171075515843145,7.0,10.0,-0.4919075033592786
334,-0.1425955444715932,5.55,13.0,-0.7751514206396038
336,-0.1005988128194579,5.99,10.0,-0.5577896581518588
340,-0.0978405932534568,5.55,10.0,-0.7493651397037534
362,-0.09942757680031421,5.55,12.0,-0.775696105183769
364,-0.22914720822515916,11.39,12.0,-0.269334256105084
368,-0.18870692735554487,7.0,15.0,-0.7632492472824348
380,-0.19048605324691842,9.15,12.0,-0.8879548453150151
388,-0.1327856865106773,8.01,12.0,-0.8157815909525898
392,-0.1116260896045165,7.0,10.0,-0.829432385645094
396,-0.04266572912773164,4.54,10.0,-0.4919075033592784
400,-0.20799612217039673,12.739999999999998,6.0,-0.7633607736142636
408,-0.33149600200950735,12.93,9.0,-0.7613084977082363
410,-0.1327856865106773,8.01,12.0,-0.8157815909525898
