solID,perfQ,#changes,pas,reliability
102,-0.18315223626520113,8.01,12.0,-0.8206139646609083
160,-0.06326538454688278,6.15,11.0,-0.6977073381954779
174,-0.10164834946296038,7.35,11.0,-0.7054205705447489
188,-0.187013165994018,8.36,11.0,-0.05219972284387775
216,-0.25055626641524403,16.21,8.0,-0.8207117855586359
238,-0.08544039584677152,12.62,6.0,-0.26203561105365525
242,-0.10852856098611578,9.27,11.0,-0.6977073381954779
314,-0.038362409880636564,5.8,13.0,-0.7912864347078776
356,-0.2111438600713311,12.739999999999998,8.0,-0.5844055954106576
372,-0.07112485791862815,9.459999999999999,11.0,-0.7522032051412126
374,-0.201480756591055,7.0,12.0,-0.7749480203994485
378,-0.123343576426769,5.99,12.0,-0.7749480203994485
382,-0.09513964048139278,9.27,12.0,-0.8208710212062362
384,-0.025887466246536376,6.34,9.0,-0.04301189970088737
388,-0.07112485791862815,9.459999999999999,11.0,-0.7522032051412126
396,-0.1662152375569104,10.28,12.0,-0.8208710212062362
