solID,perfQ,#changes,pas,reliability
252,-0.09155229129902727,10.16,9.0,-0.2759523282179287
292,-0.047000180288844416,8.14,10.0,-0.6584243412798422
302,-0.2660080724279691,11.200000000000001,12.0,-0.7336849951865637
312,-0.12542874398624965,5.71,12.0,-0.7728079654760268
316,-0.11891959335999028,5.8999999999999995,11.0,-0.06884188801987778
338,-0.06154854167892025,8.14,11.0,-0.5436847382365297
362,-0.21277444413825863,11.64,9.0,-0.760742928824626
370,-0.1742098457801858,6.56,13.0,-0.7650072307072174
378,-0.13413405105915852,7.95,12.0,-0.8214569162151097
382,-0.13036784352001124,7.510000000000001,12.0,-0.06282441878356647
386,-0.1253025058501358,5.71,11.0,0.1526058227130208
392,-0.19247208754866194,11.48,9.0,-0.7650072307072174
396,-0.174197577749561,11.48,6.0,-0.7650072307072174
412,-0.25830124471476806,10.28,13.0,-0.7634324434373215
418,-0.2685362220134509,12.3,6.0,-0.763086383988203
426,-0.13413405105915852,7.95,12.0,-0.8214569162151097
