solID,perfQ,#changes,pas,reliability
105,-0.37485057718747133,10.29,6.0,-0.29087510918613413
116,-0.37485057718747133,20.58,12.0,-0.2908751091861343
207,-0.1529051045250571,6.5,3.0,-0.7996171709772225
194,-0.36719361183032806,6.34,6.0,-0.3531679357018858
184,-0.3150755092193582,11.92,4.0,-0.817390121417783
224,-0.1529051045250571,6.5,3.0,-0.7996171709772225
252,-0.36545608988271017,5.989999999999999,6.0,-0.8806512940994378
261,-0.32486571963531247,18.02,4.0,-0.7278990468222777
