solID,perfQ,#changes,pas,reliability
127,0.009642402670423506,5.99,6.0,-0.8694637325535959
146,-0.16183870424439034,10.8,4.0,0.44220944055943723
197,-0.28159348752620383,4.54,12.0,-0.48317698846505014
39,-0.1554372788226602,10.45,3.0,-0.7713894257141847
235,-0.29412034509763946,5.989999999999999,6.0,-0.8316598524983608
247,-0.151260740477441,5.8,3.0,-0.8310224714768414
262,-0.14301377409540386,4.35,7.0,-0.7743752788836844
280,-0.1606565914978709,6.15,3.0,-0.5059764564833591
281,-0.08488499427381843,5.989999999999999,2.0,-0.8686875907976764
