solID,perfQ,#changes,pas,reliability
149,-0.31669485363133026,11.919999999999998,4.0,-0.81743673296894
171,-0.14673853538278475,17.849999999999998,4.0,-0.8174891709639918
176,-0.017210919941531854,11.599999999999998,19.0,-0.9440177635014466
209,-0.3692174327849059,5.989999999999999,6.0,-0.896362133390197
233,-0.1459876206101433,11.92,4.0,-0.8738428333464937
243,-0.06947680072589367,5.8,6.0,-0.9240924104117897
262,-0.3692174327849059,11.979999999999999,12.0,-0.8963621333901971
267,-0.3692174327849059,11.979999999999999,12.0,-0.8963621333901971
