solID,perfQ,#changes,pas,reliability
7,-0.2552793481682231,8.96,14.0,-0.7628673048946317
13,-0.15618368326181514,6.8100000000000005,12.0,-0.8611181641694415
15,-0.17463033031227676,13.280000000000001,10.0,0.13897957849942755
16,-0.17463033031227676,13.280000000000001,10.0,0.13897957849942755
36,-0.1079530053955683,4.1,13.0,-0.7650072307072174
42,-0.15618368326181514,6.8100000000000005,12.0,-0.8611181641694415
144,-0.17463033031227676,13.280000000000001,10.0,0.13897957849942755
156,-0.17420832293302776,6.56,13.0,-0.7650072307072174
161,-0.22409605623056222,16.88,12.0,-0.765248193074572
201,-0.26618032315278606,9.4,12.0,-0.7609685012553236
208,-0.1079530053955683,4.1,13.0,-0.7650072307072174
213,-0.17420832293302776,6.56,13.0,-0.7650072307072174
216,-0.17463033031227676,13.280000000000001,10.0,0.13897957849942755
219,-0.15618368326181514,6.8100000000000005,12.0,-0.8611181641694415
259,-0.17463033031227676,13.280000000000001,10.0,0.13897957849942755
262,-0.1079530053955683,4.1,13.0,-0.7650072307072174
