solID,perfQ,#changes,pas,reliability
5,-0.2589724547665232,14.159999999999998,5.0,-0.7631264195427387
10,-0.1089356641395752,8.14,13.0,-0.9186985371212788
15,-0.1589029760389267,12.27,8.0,-0.03575754171547807
34,-0.2589724547665232,14.159999999999998,5.0,-0.7631264195427387
46,-0.2589724547665232,14.159999999999998,5.0,-0.7631264195427387
50,-0.2589724547665232,14.159999999999998,5.0,-0.7631264195427387
51,-0.2589724547665232,14.159999999999998,5.0,-0.7631264195427387
54,-0.1589029760389267,12.27,8.0,-0.03575754171547807
58,-0.1589029760389267,12.27,8.0,-0.03575754171547807
59,-0.2589724547665232,14.159999999999998,5.0,-0.7631264195427387
62,-0.2589724547665232,14.159999999999998,5.0,-0.7631264195427387
74,-0.2589724547665232,14.159999999999998,5.0,-0.7631264195427387
75,-0.1589029760389267,12.27,8.0,-0.03575754171547807
77,-0.14049702836560654,14.07,5.0,-0.7559447459314736
80,-0.1089356641395752,8.14,13.0,-0.9186985371212788
186,-0.1089356641395752,8.14,13.0,-0.9186985371212788
