solID,perfQ,#changes,pas,reliability
8,-0.05169052260907191,6.34,13.0,-0.6659829203397538
11,-0.05986059702638164,4.89,12.0,-0.10147558451762972
13,-0.18801481475123594,15.87,9.0,-0.8207523068368516
49,-0.05986059702638164,4.89,12.0,-0.10147558451762972
56,-0.05169052260907191,6.34,13.0,-0.6659829203397538
66,-0.05169052260907191,6.34,13.0,-0.6659829203397538
67,-0.05986059702638164,4.89,12.0,-0.10147558451762972
80,-0.05169052260907191,6.34,13.0,-0.6659829203397538
84,-0.05169052260907191,6.34,13.0,-0.6659829203397538
90,-0.18801481475123594,15.87,9.0,-0.8207523068368516
163,-0.05169052260907191,6.34,13.0,-0.6659829203397538
167,-0.028475697123553335,4.89,13.0,-0.5543511012420296
170,-0.26527105672544143,8.14,14.0,0.004551637192294955
171,-0.05986059702638164,4.89,12.0,-0.10147558451762972
175,-0.028475697123553335,4.89,13.0,-0.5543511012420296
190,-0.12086980450744347,11.919999999999998,5.0,-0.8937774990104608
