solID,perfQ,#changes,pas,reliability
6,-0.016952296912632746,4.89,12.0,-0.5938786994171534
17,-0.23992923683058662,11.48,13.0,-0.039255816595877846
21,-0.016952296912632746,4.89,12.0,-0.5938786994171534
42,-0.016952296912632746,4.89,12.0,-0.5938786994171534
47,-0.016952296912632746,4.89,12.0,-0.5938786994171534
102,-0.3316930836584858,11.919999999999998,8.0,-0.7348526570235838
103,-0.07541228790448525,4.54,13.0,-0.527188039643693
106,-0.12460606861420583,4.54,14.0,-0.763501975231377
107,-0.08183330134195335,6.69,13.0,-0.7634942297916714
110,-0.016952296912632746,4.89,12.0,-0.5938786994171534
193,-0.08183330134195335,6.69,13.0,-0.7634942297916714
208,-0.016952296912632746,4.89,12.0,-0.5938786994171534
209,-0.12460606861420583,4.54,14.0,-0.763501975231377
215,-0.10003895287957613,10.19,12.0,-0.8609589285218412
222,-0.016952296912632746,4.89,12.0,-0.5938786994171534
252,-0.09644321950941895,5.55,11.0,-0.5962221545807305
