solID,perfQ,#changes,pas,reliability
1,-0.14952684015503706,8.139999999999999,12.0,-0.8910286478200261
3,-0.17109506543245367,14.07,9.0,-0.7553143277028034
10,-0.29090259709914884,14.760000000000002,14.0,-0.763086383988203
16,-0.12489181053873678,19.81,4.0,-0.758156189382157
33,-0.17109506543245367,14.07,9.0,-0.7553143277028034
51,-0.29090259709914884,14.760000000000002,14.0,-0.763086383988203
54,-0.29090259709914884,14.760000000000002,14.0,-0.763086383988203
56,-0.17109506543245367,14.07,9.0,-0.7553143277028034
102,-0.14952684015503706,8.139999999999999,12.0,-0.8910286478200261
103,-0.29090259709914884,14.760000000000002,14.0,-0.763086383988203
108,-0.17109506543245367,14.07,9.0,-0.7553143277028034
109,-0.028868946442042718,4.54,12.0,-0.818950772571507
112,-0.17109506543245367,14.07,9.0,-0.7553143277028034
116,-0.29090259709914884,14.760000000000002,14.0,-0.763086383988203
228,-0.17109506543245367,14.07,9.0,-0.7553143277028034
229,-0.17109506543245367,14.07,9.0,-0.7553143277028034
