solID,perfQ,#changes,pas,reliability
3,-0.20664138088895295,15.870000000000001,6.0,-0.7608878690688775
9,-0.217696254104069,9.24,13.0,-0.451896588842444
10,-0.05217044449082914,4.54,12.0,-0.9011364682964093
21,-0.20664138088895295,15.870000000000001,6.0,-0.7608878690688775
29,-0.09887081468597524,3.09,14.0,-0.020212812901831745
43,-0.11755873226459898,5.55,12.0,-0.9060666629024553
54,0.10333778281732928,8.139999999999999,5.0,-0.4638152488331297
61,-0.11755873226459898,5.55,12.0,-0.9060666629024553
64,-0.05217044449082914,4.54,12.0,-0.9011364682964093
80,-0.04051082426931716,4.54,18.0,-0.9315000963116279
93,-0.11755873226459898,5.55,12.0,-0.9060666629024553
108,-0.04051082426931716,4.54,18.0,-0.9315000963116279
109,-0.04051082426931716,4.54,18.0,-0.9315000963116279
196,-0.11755873226459898,5.55,12.0,-0.9060666629024553
197,-0.04051082426931716,4.54,18.0,-0.9315000963116279
226,-0.11755873226459898,5.55,12.0,-0.9060666629024553
