solID,perfQ,#changes,pas,reliability
40,-0.3037597897005711,10.469999999999999,13.0,-0.3258882607071405
46,-0.18484052933792797,8.83,12.0,-0.775151420639604
52,0.0010835680639784359,6.6899999999999995,13.0,-0.8573986959021951
96,-0.012429320699722909,3.09,13.0,-0.5565854827273045
150,-0.012429320699722909,3.09,13.0,-0.5565854827273045
175,-0.09413630077549406,9.15,14.0,-0.8573986959021951
178,-0.18484052933792797,8.83,12.0,-0.775151420639604
234,-0.28855640991806525,14.89,6.0,-0.4843048692678777
246,0.0010835680639784359,6.6899999999999995,13.0,-0.8573986959021951
247,-0.22706816709025093,13.440000000000001,6.0,-0.763086383988203
248,-0.04251937242447589,4.54,11.0,-0.6291046413219847
249,0.0010835680639784359,6.6899999999999995,13.0,-0.8573986959021951
253,0.0010835680639784359,6.6899999999999995,13.0,-0.8573986959021951
256,-0.012429320699722909,3.09,13.0,-0.5565854827273045
260,-0.012429320699722909,3.09,13.0,-0.5565854827273045
261,-0.22706816709025093,14.89,5.0,-0.8207117855586359
