solID,perfQ,#changes,pas,reliability
0,-0.028495682208665697,8.68,10.0,-0.8175383799000842
1,-0.005283999536443758,8.01,17.0,-0.7273115909751835
3,-0.006159951478075619,19.08,11.0,-0.9273760910565407
5,-0.07223607167463467,8.45,12.0,-0.8183515452026878
9,0.04801258049716318,5.989999999999999,10.0,-0.7239114051261253
