solID,perfQ,#changes,pas,reliability
0,-0.008830344298583348,12.620000000000001,11.0,-0.7302425019858547
1,-0.027915253416811055,14.260000000000002,12.0,-0.049025263760059556
2,-0.024475068886085062,14.4,11.0,-0.10217269465690035
3,-0.016566929817436325,12.34,11.0,-0.11350536416084044
4,0.050246219533168705,13.76,9.0,-0.07719367508878604
5,-0.0026458996458327876,7.919999999999999,17.0,-0.7565695435132342
7,-0.01904330677794605,18.49,11.0,-0.15979809622733326
8,0.05057845460555505,12.28,11.0,-0.18358436820265223
9,0.04166573207735912,9.149999999999999,12.0,-0.5248122187586128
