solID,perfQ,#changes,pas,reliability
0,-0.08751202846559844,16.4,11.0,-0.7332561058715066
1,-0.3586696285481042,7.7,8.0,-0.26691777399804695
3,-0.0661207153761174,10.32,12.0,-0.7636560346103551
5,-0.02333627923895552,7.35,12.0,-0.5267717834302306
6,-0.015659366078218013,12.709999999999999,10.0,-0.8024299318995544
7,-0.07119797242448068,7.539999999999999,18.0,-0.05390979676536756
9,-0.09888453907755175,8.04,9.0,-0.6262759209491381
