solID,perfQ,#changes,pas,reliability
0,-0.02447502179650759,6.81,12.0,-0.729448615498383
2,-0.037329656164859726,15.3,4.0,-0.08559428905604537
3,-0.09492896833557006,8.17,12.0,-0.8332620874193062
4,-0.17381400665540822,13.03,11.0,-0.7290484608394143
5,-0.15040225226273246,14.35,12.0,-0.8225524688377921
8,0.001904126376838048,8.11,13.0,-0.7626782135466009
9,-0.002155532355114287,6.369999999999999,9.0,-0.03984344199439849
