solID,perfQ,#changes,pas,reliability
0,-0.22567533939372225,6.18,6.0,-0.2454415641374993
2,-0.1859295938770463,9.15,9.0,-0.8171927275313895
4,-0.06967881099037487,8.299999999999999,12.0,-0.48308972587906585
8,-0.022474048839846116,14.16,3.0,-0.5294480365055226
9,0.06732132511948635,8.33,12.0,-0.8037615698565005
