solID,perfQ,#changes,pas,reliability
0,-0.14965012967061186,6.34,7.0,-0.9298572523651076
2,-0.04848412104587962,14.819999999999999,6.0,-0.7753015871706256
8,-0.21863352595432134,8.14,9.0,-0.48434101389683076
