solID,perfQ,#changes,pas,reliability
0,-0.007462209262448469,8.959999999999999,15.0,-0.8758503045523262
1,-0.028385228474878194,10.950000000000001,2.0,-0.5127411587554247
2,-0.01601271187821076,11.040000000000001,8.0,-0.8179653583163188
4,-0.011080042536556456,7.539999999999999,7.0,-0.730328172320412
5,-0.29570372861475647,8.33,6.0,-0.7447781492022075
6,-0.055439669601583315,8.3,10.0,-0.6034857676346286
7,-0.012774364117601189,18.58,7.0,-0.7878679035562876
