solID,perfQ,#changes,pas,reliability
0,-0.0,15.08,12.0,-0.7632840897646465
2,-0.0863659052513689,13.26,4.0,-0.11346532860630473
3,-0.005754465441696619,8.84,5.0,-0.7304601757809636
6,-0.011048772223685997,18.58,11.0,-0.7631264195427387
7,0.019711295574561565,8.01,10.0,-0.7779679439857551
8,-0.007617614310507366,8.33,11.0,-0.6171422675550816
9,0.06576216203689306,10.38,9.0,-0.733078020570601
