solID,perfQ,#changes,pas,reliability
0,-0.012677065032722645,7.0,8.0,-0.8482050393995463
4,-0.07265734153303567,8.01,12.0,-0.7580777125093893
5,-0.008763973765711242,19.25,4.0,0.33532736183260914
6,0.10693466936124037,12.3,10.0,-0.8933468329346262
7,0.054293606962254284,10.290000000000001,10.0,-0.8723767421423235
9,-0.16411377782524758,8.959999999999999,10.0,-0.02377341488952811
