solID,perfQ,#changes,pas,reliability
1,-0.14409692432979096,7.35,6.0,-0.8332620874193062
6,-0.08507571225201674,8.14,3.0,-0.7233266850274247
