solID,perfQ,#changes,pas,reliability
0,-0.07964275775910924,20.47,4.0,0.1824111116001006
1,-0.053029975331032535,5.99,10.0,-0.5406985672049154
2,-0.050845229387892106,10.600000000000001,17.0,-0.7400176909556496
3,-0.05062978237148143,8.52,7.0,-0.2637786015949831
6,-0.011105310812866092,21.479999999999997,11.0,-0.7304017376334551
7,-0.13206228686314375,9.05,17.0,-0.4763935260499065
8,-0.010484125109798518,10.290000000000001,11.0,-0.8203694124165893
9,-0.06967884785751448,9.4,12.0,-0.48876727182787766
