solID,perfQ,#changes,pas,reliability
0,-0.009116723310416266,8.17,12.0,-0.054051774842836076
1,-0.03533946391248265,15.08,12.0,-0.7626033853135108
2,-0.051230327689326796,14.99,7.0,-0.3523241280625489
3,-0.05593532326854739,19.08,12.0,-0.7258652604862809
4,0.0329754863395963,9.72,10.0,-0.7488591061248245
6,-0.05576698404156126,10.290000000000001,11.0,-0.45413507277683773
9,-0.12158386169914291,10.66,10.0,-0.09781611020403916
