solID,perfQ,#changes,pas,reliability
2,0.09834628813036239,16.62,5.0,-0.5549254917355636
4,-0.03690162294297237,12.620000000000001,5.0,-0.06649843285630064
5,0.0035689143991572653,9.87,10.0,-0.06049352240583172
6,-0.0,7.38,13.0,-0.8268440698705778
7,-0.01124172769653267,14.049999999999999,10.0,-0.8189340127917761
8,-0.15666530777786708,7.82,12.0,-0.7201434788073195
9,-0.09313633710945178,6.8500000000000005,10.0,-0.052480738944094774
