solID,perfQ,#changes,pas,reliability
0,-0.05880308142272884,8.36,13.0,-0.04886772020600916
1,0.17322626011716258,9.34,5.0,-0.1200819085316972
3,-0.019623425671356217,5.989999999999999,8.0,-0.7665231421025578
4,-0.1251971615448006,18.17,13.0,-0.5091507266012373
5,-0.08112775413062133,11.170000000000002,17.0,-0.7449976023412704
7,0.04771008240258638,6.53,6.0,-0.08295385979445963
8,-0.05699601336358745,8.89,9.0,-0.5149102661748788
