solID,perfQ,#changes,pas,reliability
0,-0.11973635730976917,13.53,10.0,-0.5981401968858905
1,-0.016566885497173525,11.2,11.0,-0.11362202490126302
2,-0.3074239702305315,13.34,11.0,-0.4891809050222899
5,0.03637050474128501,9.84,8.0,-0.8240964374336631
7,-0.07892722028618714,11.61,5.0,-0.5701841900530675
8,-0.014074298957959768,9.31,12.0,-0.12519909375374605
9,-0.006630735570311736,12.739999999999998,15.0,-0.809264624466765
