solID,perfQ,#changes,pas,reliability
0,-0.12455666855542387,10.13,12.0,-0.07643954340130496
1,-0.061117292240276296,7.16,17.0,-0.054079404381876195
2,-0.11309889231882941,9.87,13.0,-0.4764550865493536
3,0.21415017689136387,12.11,5.0,-0.8718549867349996
6,-0.06265467364503614,14.979999999999999,12.0,-0.48430486926787764
9,-0.03438103291491869,7.629999999999999,2.0,-0.8135528598179101
