solID,perfQ,#changes,pas,reliability
0,-0.011778202739131065,9.649999999999999,11.0,-0.6202210662456663
1,-0.011847333763100642,12.440000000000001,9.0,-0.5611765073346973
2,-0.14065276213586458,9.75,12.0,-0.4766682360039307
4,-0.008725740233939476,18.67,12.0,-0.81973357658136
5,-0.0487841954658162,17.040000000000003,5.0,-0.2693253200444651
6,0.12362531914652872,9.34,10.0,-0.8489201483705321
7,-0.0,7.1899999999999995,11.0,-0.5930221146411184
8,0.06150710375697902,9.34,17.0,-0.7548940114657088
9,-0.08702401504696278,9.97,12.0,-0.76167204438442
