solID,perfQ,#changes,pas,reliability
0,0.04153551347235753,9.24,11.0,-0.7632087124755751
1,-0.08548479643067483,15.770000000000001,11.0,-0.04896488394183163
4,-0.024894296841331622,10.5,10.0,-0.7809520865978575
6,-0.16183870424439034,10.8,4.0,0.44220944055943734
7,-0.02097435296101847,5.55,11.0,-0.7628549267764486
