solID,perfQ,#changes,pas,reliability
1,-0.049623721207810875,6.34,10.0,-0.7296079192551196
2,-0.09136745186522346,9.27,11.0,-0.8203328469861746
4,-0.1551973972551123,4.7299999999999995,11.0,-0.6547817521273392
7,-0.1183276770001744,13.559999999999999,11.0,-0.8413253591655168
9,-0.1351455028989437,15.87,5.0,-0.08566269611931374
