solID,perfQ,#changes,pas,reliability
0,-0.013243465477292863,13.75,12.0,-0.7751514206396038
2,-0.1970706391087309,12.959999999999997,7.0,-0.49559376416335904
3,-0.21448678672012628,14.080000000000002,8.0,-0.27276328732753946
4,-0.006320206749133532,8.2,13.0,-0.763351666215385
7,-0.04284290544250956,16.22,8.0,-0.7299203557447849
8,0.07142618709495639,9.94,4.0,-0.007755262133068097
