solID,perfQ,#changes,pas,reliability
0,-0.00807280711598962,11.3,8.0,-0.3748100955269864
2,-0.22880537699516154,18.77,12.0,-0.7517937500387987
4,0.0627944587809494,13.030000000000001,8.0,-0.4159979515025469
5,-0.2298830767436316,8.68,12.0,-0.08709684706714846
6,-0.19102448400688,13.94,15.0,-0.5672958623860876
7,-0.03137170698210572,8.58,9.0,-0.8806035103189571
9,-0.08617232303659543,8.270000000000001,12.0,-0.6988598020688764
