solID,perfQ,#changes,pas,reliability
0,-0.09832698360510934,14.889999999999999,4.0,-0.7592300237592015
4,-0.37045893421374326,8.49,7.0,0.6217039568010441
5,-0.006080104080781724,19.9,11.0,-0.8207117855586359
8,-0.19799184091283376,6.369999999999999,10.0,-0.8154857566219883
