solID,perfQ,#changes,pas,reliability
0,-0.11177279466525611,11.729999999999999,12.0,-0.485457814406979
1,-0.014074335825099373,7.82,12.0,-0.5612864304225579
2,-0.19430675249969728,7.35,11.0,-0.3588856185930526
3,-0.255138349991511,21.64,9.0,-0.2579462063369956
5,-0.013260962559092789,10.450000000000001,8.0,-0.10974270735145086
6,-0.07143125476202972,12.3,9.0,-0.010894562057802148
7,-0.07608803701562461,12.870000000000001,16.0,-0.8014474097989939
9,-0.0487841954658162,13.100000000000001,10.0,-0.2688192864655362
