solID,perfQ,#changes,pas,reliability
2,-0.008624552634987433,11.2,16.0,-0.8353537741117951
3,0.05190497381338264,8.01,12.0,-0.8871869313509442
5,0.012286883068803009,11.3,7.0,-0.26883092747419535
6,-0.07333327555552391,9.62,11.0,-0.26599317255989946
7,-0.0950618920674726,10.450000000000001,9.0,0.5671758535410609
8,-0.05472645992854087,7.95,10.0,-0.6132722636962735
9,-0.0044591840782027764,7.82,16.0,-0.7454701298426009
