solID,perfQ,#changes,pas,reliability
1,-0.01566266952577591,7.0,9.0,-0.5008359880336508
2,-0.09856014868578966,8.04,11.0,-0.819652974136106
3,-0.08949108430033334,7.82,11.0,-0.8199356438027164
5,-0.1428571428571445,8.33,6.0,-0.5634956811571926
