solID,perfQ,#changes,pas,reliability
2,-0.029355397646013363,10.1,10.0,-0.16933637944354232
3,-0.0512362492175634,10.469999999999999,13.0,-0.618298886416209
4,-0.05147895029249812,14.07,11.0,-0.33574465667235015
7,-0.025903131886846297,11.9,10.0,-0.19601813000698132
8,-0.37408010581208995,11.04,6.0,0.38283257523963526
9,-0.08683475748097459,6.6899999999999995,12.0,-0.4625449690740817
