solID,perfQ,#changes,pas,reliability
0,-0.003038813508235116,8.33,8.0,0.16523265939509052
1,0.07531080246944567,7.379999999999999,11.0,-0.045776219155877707
2,-0.18704854118791353,16.97,13.0,-0.31899838848478457
4,0.1083771024286716,7.38,11.0,-0.7650109102615898
5,-0.05771823866726737,16.6,6.0,0.35145208183381854
6,-0.01243115221373926,18.04,13.0,-0.7628566617150522
7,-0.09957612411505253,8.04,9.0,-0.6252977119718622
9,0.060901970381395165,16.81,10.0,-0.6615078723032213
