solID,perfQ,#changes,pas,reliability
0,-0.013750582667682284,10.849999999999998,8.0,-0.8385678332757471
1,-0.014007455195507949,8.49,12.0,-0.7603799923004216
3,-0.07816490109244868,10.450000000000001,7.0,-0.4840531007967896
5,-0.1271160274194887,13.749999999999998,10.0,-0.9079048305394949
7,-0.22767281551557603,17.22,10.0,-0.7924970915256755
8,-0.06047471860853754,10.28,16.0,-0.5406585316503796
9,-0.2026662013601451,9.94,8.0,-0.087413714755315
