solID,perfQ,#changes,pas,reliability
0,-0.2513949973319369,14.79,12.0,-0.06721215598297856
1,-0.25703414098801636,14.51,4.0,-0.05369844167315052
4,-0.003820758926082199,20.09,14.0,-0.8285241748306873
5,-0.02447414760797309,9.05,11.0,-0.7292919192034246
6,-0.05546393785464624,10.849999999999998,9.0,-0.32713738575499646
7,-0.16527419007123628,7.25,10.0,-0.4577208261163671
8,0.007257802064057526,16.040000000000003,7.0,-0.05473875423342843
9,-0.14385947143714112,7.4399999999999995,12.0,-0.6905239707731505
