solID,perfQ,#changes,pas,reliability
46,0.07115878359581414,10.16,5.0,-0.7225163974466954
62,-0.21396273188802015,6.56,14.0,-0.09003857511126477
108,-0.12177130950131362,5.55,14.0,-0.5265371498592852
138,-0.15296296547498828,6.56,14.0,-0.7628433400072635
144,-0.15346924263263967,7.35,9.0,-0.11194653908525898
160,-0.20776749726696053,5.55,12.0,0.20070788408010065
178,-0.2666982132804069,11.48,5.0,-0.7628433400072635
214,-0.09711561351278078,9.15,11.0,-0.5999287862709728
220,-0.19656659420724187,8.36,12.0,-0.06884188801987778
226,-0.15411693620786907,11.919999999999998,4.0,-0.5917085350541816
230,-0.24615848692246906,11.48,13.0,-0.7650072307072174
242,-0.17316553487385425,9.84,6.0,-0.763086383988203
250,-0.11535697058676693,4.54,13.0,-0.6731709631725529
262,-0.2122115404566806,6.56,12.0,-0.03559830606787773
266,-0.14796884878874383,7.159999999999999,12.0,-0.7905901219002862
272,-0.15411693620786907,11.919999999999998,4.0,-0.5917085350541816
