solID,perfQ,#changes,pas,reliability
92,-0.14719635333875655,7.16,11.0,-0.06518397344335913
146,-0.13103372416872036,7.0,12.0,-0.813032832600485
152,-0.3995011835973931,10.379999999999999,12.0,-0.527193827034637
172,-0.1812141610994316,8.83,13.0,-0.775151420639604
188,-0.19697325760417525,13.879999999999999,5.0,-0.8208684818535942
190,-0.09929667666505337,10.28,12.0,-0.8263475566698578
194,-0.12337606458624614,6.5,12.0,-0.8090128559956768
198,-0.28827243761350413,13.969999999999999,4.0,-0.8208684818535942
200,-0.01794762688838299,3.09,12.0,-0.4950822475718777
204,-0.1812141610994316,8.01,12.0,-0.7751514206396038
220,-0.10149997633872344,9.62,10.0,-0.0361221281073173
228,-0.18105472929610153,7.510000000000001,12.0,-0.7450616650765545
236,-0.18273055487794057,11.919999999999998,5.0,-0.49384999692283593
238,-0.1324148514530821,6.81,13.0,-0.8157815909525898
248,-0.10862610745834121,6.69,11.0,-0.016702312276229092
250,-0.18105472929610153,7.510000000000001,12.0,-0.7450616650765545
