solID,perfQ,#changes,pas,reliability
92,-0.08852819025925533,10.379999999999999,10.0,-0.81998473091487
120,-0.06124870902453934,6.5,11.0,-0.8209883895995702
134,-0.08619067770712519,6.69,11.0,-0.5395783326178247
138,-0.06907553430556408,6.5,10.0,-0.8200530121960504
174,-0.07615928249946467,6.15,11.0,-0.38943578710470345
178,-0.18278833035564598,10.379999999999999,11.0,-0.8197329624437819
182,-0.22028152587071506,9.94,13.0,-0.22830921963952744
186,-0.05495059358390819,6.5,10.0,-0.8774763465451269
194,-0.138751577328395,5.36,12.0,-0.8922527351760402
198,-0.12096722966119054,14.07,8.0,-0.5294480365055225
214,-0.20177101311565862,6.37,12.0,-0.8356055425828832
216,-0.10652054157356303,8.74,11.0,-0.8208291539519699
220,-0.10429806803503756,9.459999999999999,11.0,-0.8373905297856497
224,-0.24457828287788308,19.81,9.0,-0.2693653555990009
228,-0.10540379620630076,14.07,5.0,-3.2342132413964997E-4
234,-0.06907553430556408,6.5,10.0,-0.8200530121960504
