solID,perfQ,#changes,pas,reliability
40,-0.12421074161450908,12.27,5.0,0.1541231484094947
60,-0.10912245322586091,7.0,12.0,-0.8209861751846964
86,-0.15368290035149693,11.92,12.0,-0.7556448598601859
90,-0.1398719468033286,12.43,10.0,-0.5267801938402248
98,-0.18494629587434425,10.629999999999999,11.0,-0.4946875615878777
126,-0.14051911029718023,12.27,5.0,0.1926844671930209
134,-0.19518778307679657,12.43,12.0,-0.4843048692678777
168,-0.17957093499158655,7.35,9.0,-0.4863015408678777
182,-0.1175974655316121,10.28,12.0,-0.6891697140678776
204,-0.1888497481996658,12.74,12.0,-0.6891697140678776
220,-0.034224296986924245,6.34,10.0,0.1806194305416201
224,-0.24645076186727208,15.08,6.0,-0.8719001882448444
240,-0.22395007512470186,8.36,10.0,-0.03559830606787773
246,-0.18015207076789766,13.09,5.0,0.1526058227130207
266,-0.2685362220134509,15.899999999999999,6.0,-0.763086383988203
270,-0.154883252624119,12.620000000000001,11.0,-0.7625761173152164
