solID,perfQ,#changes,pas,reliability
62,-0.22540135887409488,11.96,12.0,-0.15220609230572568
104,-0.2370663806528978,13.66,12.0,-0.7624131208304095
140,-0.21141425501908806,10.379999999999999,13.0,-0.7454398696872891
160,-0.11941291732992877,5.36,12.0,-0.8019606261407995
176,-0.19500983763525262,10.16,13.0,-0.7628361902455391
184,-0.19807464276818793,10.379999999999999,12.0,-0.7739684755327203
196,-0.17190619687078917,11.61,11.0,-0.2836101360031838
208,-0.044377561523316886,5.99,8.0,-0.7918765280415158
224,-0.1883872501359126,9.149999999999999,12.0,-0.8286834104782876
230,-0.26212247365079366,11.2,13.0,-0.7624131208304095
240,-0.16632709059230852,8.36,12.0,0.3850177525264957
260,-0.04855735425474439,8.139999999999999,10.0,-0.2624313964114194
268,-0.15234652520438954,8.36,12.0,-0.038636877211877696
270,-0.14254055894121875,5.55,12.0,-0.01782535562731724
274,-0.08574313963396284,5.55,15.0,-0.8370839820213001
278,-0.14254055894121875,5.55,12.0,-0.01782535562731724
