solID,perfQ,#changes,pas,reliability
106,-0.13687308187555672,7.0,11.0,-0.45961520767984776
130,-0.1810542370511067,5.359999999999999,13.0,-0.745470129842601
144,-0.19623145329196068,15.080000000000002,9.0,-0.7665695952485319
156,-0.18995395463915646,7.6000000000000005,12.0,-0.775151420639604
164,-0.1185074832595751,5.36,12.0,-0.8327768222100368
184,-0.18105182573088804,6.37,13.0,-0.7751514206396038
186,-0.13454293502208467,7.16,11.0,-0.8586154733582642
192,-0.26124147010106047,10.06,12.0,-0.775151420639604
200,-0.1812141610994316,6.37,12.0,-0.7453134335476426
206,-0.20407019262510473,8.959999999999999,13.0,-0.6952928063967895
210,-0.20400806366331975,15.39,8.0,-0.8195038543082092
216,-0.1626593819370608,14.51,5.0,-0.763197050054319
218,-0.04325243054894564,4.35,13.0,-0.8922527351760402
222,-0.2974663332427864,17.63,9.0,-0.7628566617150522
226,-0.19623145329196068,15.080000000000002,9.0,-0.7665695952485319
230,-0.1656109880743085,10.629999999999999,12.0,-0.817096591207128
