solID,perfQ,#changes,pas,reliability
14,-0.18927898718511757,7.35,12.0,-0.11109764000781941
28,-0.27338334477083215,12.93,7.0,-0.4603383411832911
42,-0.061121640920663085,4.7,11.0,-0.48799113007195827
70,-0.053035394683141425,4.7,11.0,-0.49391141983195824
136,-0.1996795514313455,9.59,10.0,-0.056995339974787784
152,-0.17646989991737336,11.51,11.0,-0.6142108842977374
158,-0.2733846565126804,13.94,7.0,-0.32417355291382965
162,-0.20827346683176712,9.4,10.0,-0.054054314195478126
170,-0.26006649424218,10.06,12.0,-0.8207117855586359
188,-0.12620044103964262,7.95,12.0,-0.7730550883566218
200,-0.1640803807785914,11.48,6.0,-0.7629467351453734
210,-0.17399928612208018,8.959999999999999,12.0,-0.8155836861417034
216,-0.06899795802668336,4.1,13.0,-0.7630895378919509
220,-0.08572104650660976,6.779999999999999,11.0,-0.821909592469586
226,-0.15977013652470543,9.969999999999999,13.0,-0.8182249029818933
228,-0.14553748339601583,4.35,12.0,-0.7233667205819604
