solID,perfQ,#changes,pas,reliability
14,-0.07533003855430098,8.14,10.0,-0.6250909974216671
48,-0.14548525737795806,10.950000000000001,12.0,-0.14294481794514885
68,-0.1903351579622053,18.2,9.0,-0.7593332615593043
102,-0.056251943220360916,5.99,12.0,-0.824066615739636
146,-0.13674117332333793,5.36,14.0,-0.7598679267991528
166,-0.13481402632397246,9.15,11.0,-0.873518864428918
168,-0.18435702221139927,6.37,13.0,-0.7632456196358034
192,-0.10859497271487603,4.89,12.0,0.16998938866890057
196,-0.1275514367206147,7.0,12.0,-0.8289968103456821
202,-0.23404318000861993,18.86,7.0,-0.6287133583960958
206,-0.2605214120197391,19.02,9.0,-0.760742928824626
212,-0.0987436872866159,5.55,12.0,-0.8203694124165893
220,-0.10700304591771952,3.09,12.0,-0.7455741319971476
232,-0.033066025501854626,5.99,12.0,-0.8289968103456821
236,-0.12222508588262625,5.36,12.0,-0.7454726691952429
248,-0.0987436872866159,5.55,12.0,-0.8203694124165893
