solID,perfQ,#changes,pas,reliability
28,-0.26717740517015415,9.05,11.0,-0.4888073073824134
32,-0.26124147010106047,10.06,12.0,-0.775151420639604
142,-0.11268784194991975,8.74,11.0,-0.7632456196358034
144,-0.11272053247816885,7.3500000000000005,12.0,-0.7350245407615912
150,-0.11268798237907121,12.43,10.0,-0.7632456196358034
182,-0.2498712636614944,7.6,12.0,-0.7631264195427387
186,-0.17787938007031853,12.93,7.0,-0.8387286273234044
190,-0.19596589244982152,8.74,11.0,-0.4885155033567896
206,-0.09864947525364377,5.9,12.0,-0.07593470269987779
214,-0.26199947189105,9.24,11.0,-0.7623638611809077
222,-0.1967578950870507,10.469999999999999,11.0,-0.8387286273234044
224,-0.21088217703149267,8.96,12.0,-0.8273577636886391
232,-0.20071167019560723,11.2,10.0,-0.6033265319870282
236,-0.26199947189105,9.24,11.0,-0.7623638611809077
240,-0.054215122741412484,6.6899999999999995,11.0,-0.5238505201992647
244,-0.2498712636614944,7.6,12.0,-0.7631264195427387
