solID,perfQ,#changes,pas,reliability
108,-0.09984928983451691,9.15,11.0,-0.7294799436240238
126,-0.17209053900083832,8.01,13.0,-0.7630498731711759
134,-0.13873169844193614,7.0,12.0,-0.8659087107544071
154,-0.15365533834210007,9.15,10.0,-0.5394183512370426
174,-0.19111330248011868,10.16,10.0,-0.7294799436240238
178,-0.15127257356632423,8.959999999999999,12.0,-0.7754258102656644
186,-0.164450432627566,5.99,13.0,0.03510855854626027
194,-0.14710535392572158,13.879999999999999,9.0,-0.5269394294878251
198,-0.20535424059697754,9.97,14.0,-0.5367505085717448
202,-0.19888483208928287,14.889999999999999,12.0,-0.5367505085717448
218,-0.15142559986733944,9.149999999999999,12.0,-0.5704861165669582
220,-0.23074044659265,17.35,12.0,-0.8094191516092315
224,-0.17316553483918282,19.810000000000002,9.0,-0.4887672718278777
228,-0.07660670490878665,8.139999999999999,11.0,-0.6889037730409726
240,-0.2937307872328584,17.35,13.0,-0.7554497507242561
242,-0.17209053900083832,8.01,13.0,-0.7630498731711759
