solID,perfQ,#changes,pas,reliability
52,-0.04584054530540011,5.99,11.0,-0.8920371147626797
122,-0.21173545854504658,9.049999999999999,11.0,-0.7261864884706247
162,-0.15891217693504456,8.61,12.0,-0.763086383988203
170,-0.11267360936300634,5.99,12.0,-0.8927376098565608
180,-0.018814820789641026,5.99,10.0,-0.8804610442508962
200,-0.10114125666088368,5.49,10.0,-0.053895078547877784
214,-0.019106733485215386,5.99,11.0,-0.9221112146616862
224,-0.1714417011583506,10.059999999999999,12.0,-0.819440046370705
228,-0.23461954834258172,12.93,9.0,-0.8158989151235904
236,-0.266802534519146,11.2,12.0,-0.8191882778996169
240,-0.21478036213946577,7.82,12.0,-0.5844055954106576
250,-0.17144174335703968,11.29,11.0,-0.819440046370705
254,-0.18864796151967517,12.270000000000001,9.0,-0.5230448164043668
256,-0.20136037265038284,7.35,14.0,-0.523093615135229
260,-0.15779129706944903,5.9,12.0,-0.05362348169008835
268,-0.018814820789641026,5.99,10.0,-0.8804610442508962
