solID,perfQ,#changes,pas,reliability
1,-0.24787424397761498,10.16,13.0,-0.76337930006128
74,-0.20824502720620702,8.01,13.0,-0.7598679267991528
134,-0.13160445543309698,7.16,11.0,-0.8386901202686072
154,-0.1422755821888016,5.99,12.0,-0.5598942061806089
162,-0.19109759792442876,12.93,5.0,-0.7778454864489659
184,-0.2540068064406847,11.07,12.0,-0.763086383988203
194,-0.21558289704358874,11.96,12.0,-0.7631250349534391
196,-0.2460898085801993,9.84,13.0,-0.763086383988203
212,-0.1840723994389917,10.95,12.0,-0.13704632949862955
216,-0.19226835453575059,8.139999999999999,14.0,-0.7918298637457243
218,-0.16044994067625895,8.83,12.0,-0.81973357658136
222,-0.17961627151670395,7.35,13.0,-0.5285773129870477
224,-0.15306593450138314,7.0,13.0,-0.7541519035705141
228,-0.17548160930626938,9.02,14.0,-0.881400971287464
238,-0.25709616376541455,7.0,14.0,-0.17699472961380391
242,-0.1422755821888016,5.99,12.0,-0.5598942061806089
