solID,perfQ,#changes,pas,reliability
122,-0.25460132758772225,11.48,12.0,-0.7644736621741579
162,-0.20051435615729893,11.200000000000001,10.0,-0.81973357658136
170,-0.18121186238053927,6.37,13.0,-0.7453134335476426
180,-0.18167489374959492,6.69,12.0,-0.7655624268410112
182,-0.1171789989783596,8.14,12.0,-0.8370698471051389
186,-0.25460132758772225,11.48,12.0,-0.7644736621741579
196,-0.18121186238053927,6.37,13.0,-0.7453134335476426
200,-0.13811068474064134,8.96,11.0,-0.8922527351760402
204,-0.25118464440447885,9.02,12.0,-0.7644736621741579
208,-0.18877858961258692,11.200000000000001,12.0,-0.8207117855586359
216,-0.1470048232148873,8.96,12.0,-0.8465844148351568
224,-0.18167489374959492,6.69,12.0,-0.7655624268410112
228,-0.11118204055254559,7.51,14.0,-0.81973357658136
232,-0.1747989023154892,14.889999999999999,9.0,-0.81973357658136
236,-0.18877858961258692,11.200000000000001,12.0,-0.8207117855586359
242,-0.20925660367032287,9.97,13.0,-0.8207117855586359
