solID,perfQ,#changes,pas,reliability
120,-0.21204512853104823,15.2,8.0,-0.8410335754321843
142,-0.3340422771779085,9.81,11.0,-0.126167980220954
148,-0.10976030984191361,7.35,12.0,-0.6335274483182686
174,-0.24371182088381013,8.52,14.0,-0.7517937500387987
196,-0.12818056802088446,7.0,13.0,-0.3494640516297243
204,-0.10227364093234903,7.35,10.0,-0.4946875615878777
208,-0.1467636532706616,7.35,11.0,0.388912012860999
216,-0.06130809723980143,6.34,13.0,-0.3494640516297243
218,-0.11567872902056127,7.0,13.0,-0.35466863586183106
230,-0.18506163779190837,8.36,11.0,-0.053895078547877784
232,-0.18219182925578734,10.16,12.0,-0.8807938161344459
240,-0.09018358669977107,5.8999999999999995,11.0,-0.053895078547877784
242,-0.210659093978207,8.14,12.0,-0.7930657451751146
246,-0.17239344439006918,9.59,10.0,-0.05389507854787767
250,-0.04257916630731425,5.99,15.0,-0.5582448823497242
258,-0.10976030984191361,7.35,12.0,-0.6335274483182686
