solID,perfQ,#changes,pas,reliability
6,-0.0806193220236379,5.99,12.0,-0.45286352391989937
7,-0.2277703913702642,16.689999999999998,13.0,-0.820205751979707
12,-0.12253980493989373,9.149999999999999,10.0,-0.775696105183769
52,-0.1737339566959472,8.83,12.0,-0.4843048692678777
106,-0.10495657413209965,7.51,14.0,-0.775151420639604
122,-0.20163764375930282,9.05,12.0,-0.7455878231737032
142,-0.12933474390551827,7.3500000000000005,12.0,-0.48139645832243205
156,-0.20592746012649005,10.19,13.0,-0.7634336048875943
162,-0.11266783942513643,8.01,12.0,-0.4837399134860091
180,-0.11160157099415156,6.34,10.0,-0.03807915171987031
184,-0.25279671671403786,9.149999999999999,12.0,-0.45545392410841745
186,-0.20201879970382544,9.969999999999999,12.0,-0.7632456196358034
194,-0.1807008919521312,10.379999999999999,12.0,-0.7646328978217583
204,-0.05612099328417924,5.99,11.0,-0.7875247092678775
216,-0.26189100702607215,11.2,13.0,-0.7632456196358034
232,-0.25279671671403786,9.149999999999999,12.0,-0.45545392410841745
