solID,perfQ,#changes,pas,reliability
2840,-0.1535860977784134,5.55,1.0,-0.5351630685627285
2856,-0.23362502947662667,15.02,0.0,-0.44917639000000004
2874,-0.2352945494251091,12.559999999999999,1.0,-0.44917639000000004
2882,-0.17646913859983485,7.0,1.0,-0.8471106006077714
2890,-0.1535487559696109,4.35,1.0,-0.6580154205627285
2894,-0.2123722853813756,5.8,1.0,-0.7593914205627286
2898,-0.23529411764705882,11.549999999999999,1.0,-0.5787984500000001
2900,-0.14399855915125745,5.989999999999999,1.0,-0.8441122669064596
2906,-0.21237191528629198,10.280000000000001,1.0,-0.8465975606077715
2908,-0.11764560918807013,4.54,1.0,-0.8471106006077714
2910,-0.17646913859983485,5.989999999999999,1.0,-0.768250140045043
2918,-0.21237199428460915,9.27,0.0,-0.6580154205627285
2922,-0.2352945494251091,12.559999999999999,1.0,-0.44917639000000004
2926,-0.23529411764705882,11.549999999999999,1.0,-0.5787984500000001
2930,-0.23362502947662667,15.02,0.0,-0.44917639000000004
2934,-0.1535487559696109,4.35,1.0,-0.6580154205627285
