solID,perfQ,#changes,pas,reliability
2734,-0.11597830628593202,7.510000000000001,0.0,-0.7875468106077714
2860,-0.11764705882352941,2.9,1.0,-0.44917639000000004
2872,-0.2123722853813756,5.8,1.0,-0.7593914205627286
2892,-0.09475467933503949,3.09,1.0,-0.5272448505627285
2896,-0.1423241000688882,5.55,0.0,-0.7243813177426792
2902,-0.11428065596444273,5.55,0.0,-0.7909815056077715
2904,-0.11597830628593202,4.35,0.0,-0.7086863500450429
2912,-0.0,1.64,1.0,-0.6579247506077714
2916,-0.21240218725196966,15.149999999999999,1.0,-0.7593914205627286
2920,-0.1781614949276716,4.54,0.0,-0.5950898906014159
2922,-0.2387252353445629,5.8,1.0,-0.7563930868614167
2930,-0.1091912591327799,4.54,0.0,-0.7112735500450429
2936,-0.058823961189815,4.1,1.0,-0.6579247506077714
2938,-0.05545712655267803,4.54,0.0,-0.7890637106077715
2942,-0.17647058823529413,4.35,1.0,-0.5787984500000001
2946,-0.09475467933503949,3.09,1.0,-0.5272448505627285
