solID,perfQ,#changes,pas,reliability
2784,0.04914531590286693,4.1,0.0,-0.6643282356077714
2802,0.04845082145770383,5.55,0.0,-0.7915557606077714
2806,-0.08181305506479543,8.01,0.0,-0.6609250669064596
2810,-0.14063649619681717,9.459999999999999,0.0,-0.5310371668614167
2820,-0.21240173815856891,4.35,1.0,-0.7582429105627285
2840,-0.21215562170272,13.7,0.0,-0.6286208505627285
2854,-0.1406332330351955,9.459999999999999,0.0,-0.7856969869064596
2862,-0.009673138854047754,5.55,0.0,-0.585467775045043
2882,-0.19945702771526405,10.469999999999999,0.0,-0.6609250669064596
2886,0.022793400794391076,5.55,0.0,-0.6613299019064596
2894,-0.009673138854047754,6.56,0.0,-0.6643282356077714
2900,-0.09560644564814418,9.02,0.0,-0.6643282356077714
2910,-0.27122534656865077,6.8100000000000005,1.0,-0.7582429105627285
2914,-0.2711954446980567,5.8,1.0,-0.8172936605627286
2918,-0.009673138854047754,5.55,0.0,-0.585467775045043
2922,0.022793400794391076,5.55,0.0,-0.6613299019064596
