solID,perfQ,#changes,pas,reliability
2608,-0.23529411764705882,8.83,1.0,-0.7875468106077714
2732,-0.2712252675703336,11.29,1.0,-0.7875468106077714
2784,-0.2123722853813756,6.81,1.0,-0.7593914205627286
2814,-0.2712252675703336,6.81,1.0,-0.7582429105627285
2822,-0.2124021082536525,11.29,1.0,-0.7886953206077715
2848,-0.2712252675703336,14.760000000000002,0.0,-0.6579247506077714
2852,-0.2712252675703336,11.48,0.0,-0.6553536543577715
2856,-0.17647270329175738,11.48,0.0,-0.6668027526077714
2860,-0.21240173815856891,5.359999999999999,1.0,-0.6568669105627285
2862,-0.27122534656865077,7.82,1.0,-0.6568669105627285
2874,-0.187578577236244,11.48,0.0,-0.6633580106077714
2882,-0.12762358601046908,10.469999999999999,1.0,-0.7911223606077715
2886,-0.20282353819848145,8.01,0.0,-0.6523553206564596
2890,-0.12432412914359853,8.01,0.0,-0.7915557606077714
2896,-0.17647058823529413,6.37,1.0,-0.7875468106077714
2900,-0.12432412914359853,8.01,0.0,-0.7915557606077714
