solID,perfQ,#changes,pas,reliability
2782,-0.1903232218704903,7.82,1.0,-0.7829860915909902
2808,-0.1764407653630172,7.82,1.0,-0.8465975606077715
2816,-0.17647066723361127,8.83,1.0,-0.7875468106077714
2860,-0.17644084436133434,8.01,1.0,-0.7901363756077715
2862,-0.17993115870999152,7.0,1.0,-0.6538685768614166
2870,-0.11764705882352941,6.37,1.0,-0.7875468106077714
2872,-0.15358032380236017,9.02,0.0,-0.6668027526077714
2876,-0.12432412914359853,8.01,0.0,-0.7915557606077714
2888,-0.17993115870999152,10.47,0.0,-0.5242465168614167
2890,-0.1602971526254597,10.469999999999999,0.0,-0.7915557606077714
2894,-0.21240173815856891,11.29,1.0,-0.7875468106077714
2898,-0.2262543717937651,6.8100000000000005,1.0,-0.6523061915459473
2904,-0.15088292110739404,5.55,1.0,-0.5361228525627285
2908,-0.09185354969411386,7.0,0.0,-0.7885574269064596
2912,-0.06550059973092653,5.55,0.0,-0.7915557606077714
2916,-0.21240173815856891,11.29,1.0,-0.7875468106077714
