solID,perfQ,#changes,pas,reliability
2840,-0.20818306794400912,10.469999999999999,0.0,-0.5361228525627285
2864,-0.04920421843352441,5.55,0.0,-0.5369148525627285
2880,-0.1314996924587256,11.899999999999999,1.0,-0.7112735500450429
2906,-0.1176474906015797,3.91,1.0,-0.5280368505627285
2910,-0.11764745976008019,5.36,1.0,-0.6588074205627286
2914,-0.06550059973092653,9.149999999999999,0.0,-0.7915557606077714
2922,-0.05878369413195697,7.7,0.0,-0.6668027526077714
2926,-0.27122569934838386,7.82,1.0,-0.6286208505627285
2930,-0.09199877128375655,7.0,0.0,-0.6542467015459473
2934,-0.13150718211791818,13.35,1.0,-0.7703243000450429
2940,-0.15410673455761104,5.55,0.0,-0.5207108505627285
2944,-0.2124021699366192,5.36,1.0,-0.6286208505627285
2948,-0.11760722354372166,9.149999999999999,0.0,-0.587942292045043
2952,-0.1764411354581008,15.02,1.0,-0.709834860045043
2954,-0.1314996924587256,11.899999999999999,1.0,-0.7112735500450429
2956,-0.17647058823529413,5.36,1.0,-0.6576589105627285
