solID,perfQ,#changes,pas,reliability
6,-0.05290616541123794,6.34,10.0,-0.49466272944393075
23,-0.05290616541123794,6.34,10.0,-0.49466272944393075
40,-0.1508828063079135,5.359999999999999,13.0,-0.5260040520843052
44,-0.26820806882163967,14.07,10.0,-0.07680855512334292
45,-0.05290616541123794,6.34,10.0,-0.49466272944393075
49,-0.1508828063079135,5.359999999999999,13.0,-0.5260040520843052
56,-0.1508828063079135,5.359999999999999,13.0,-0.5260040520843052
77,-0.1508828063079135,5.359999999999999,13.0,-0.5260040520843052
106,-0.1508828063079135,5.359999999999999,13.0,-0.5260040520843052
107,-0.1508828063079135,5.359999999999999,13.0,-0.5260040520843052
134,-0.28294490224477886,8.14,13.0,-0.8210965776809374
139,-0.1508828063079135,5.359999999999999,13.0,-0.5260040520843052
143,-0.1508828063079135,5.359999999999999,13.0,-0.5260040520843052
146,-0.1508828063079135,5.359999999999999,13.0,-0.5260040520843052
151,-0.1508828063079135,5.359999999999999,13.0,-0.5260040520843052
155,-0.11147039996400057,3.91,13.0,-0.5267801938402248
