solID,perfQ,#changes,pas,reliability
4,-0.08713259279038534,11.919999999999998,6.0,-0.7481405118605406
5,-0.19139326705565604,9.15,12.0,-0.8203167707319542
9,-0.08003646578841818,5.99,11.0,-0.8167364237794247
12,-0.13457121206080008,5.99,11.0,-0.540815227945338
16,-0.13457121206080008,5.99,11.0,-0.540815227945338
28,-0.13457121206080008,5.99,11.0,-0.540815227945338
48,-0.13457121206080008,5.99,11.0,-0.540815227945338
49,-0.13245127579510044,8.96,13.0,-0.8209883895995702
52,-0.20023408792341388,13.969999999999999,5.0,-0.7454726691952429
57,-0.13457121206080008,5.99,11.0,-0.540815227945338
59,-0.13457121206080008,5.99,11.0,-0.540815227945338
96,-0.19139326705565604,9.15,12.0,-0.8203167707319542
97,-0.13457121206080008,5.99,11.0,-0.540815227945338
100,-0.19767159358051384,9.459999999999999,12.0,-0.484461565562836
124,-0.20297789062675875,14.89,8.0,-0.8208291539519699
128,-0.08003646578841818,5.99,11.0,-0.8167364237794247
