solID,perfQ,#changes,pas,reliability
5,-0.2312007818060484,14.07,8.0,-0.820447419260155
6,-0.07797792946746558,9.459999999999999,11.0,-0.9178721745080913
24,-0.13785396210043285,5.55,14.0,-0.7981100294549005
48,-0.10975313458885712,9.27,13.0,-0.9024988813503104
49,-0.0169892984460362,6.6899999999999995,14.0,-0.8704737661520001
53,-0.2312007818060484,14.07,8.0,-0.820447419260155
63,-0.13330335410791802,12.27,9.0,-0.03941505224347819
76,-0.2312007818060484,14.07,8.0,-0.820447419260155
81,-0.13785396210043285,5.55,14.0,-0.7981100294549005
85,-0.2312007818060484,14.07,8.0,-0.820447419260155
110,-0.02860093157857041,8.14,10.0,-0.8602983442480601
111,-0.13785396210043285,5.55,14.0,-0.7981100294549005
115,-0.0169892984460362,6.6899999999999995,14.0,-0.8704737661520001
119,-0.24253899336478968,14.07,9.0,-0.7632398576357484
122,-0.10975313458885712,9.27,13.0,-0.9024988813503104
123,-0.2312007818060484,14.07,8.0,-0.820447419260155
