solID,perfQ,#changes,pas,reliability
9,-0.33296528054327296,12.27,9.0,-0.4946115941953269
10,-0.16940871238183947,13.280000000000001,7.0,0.0742175837884661
11,-0.17227775221300595,6.37,14.0,-0.7631264195427387
25,0.03929927667172057,9.15,5.0,-0.09872085267164454
37,0.03929927667172057,9.15,5.0,-0.09872085267164454
51,-0.18531356362455023,12.739999999999998,13.0,-0.893230944153316
62,-0.15043371853786894,6.81,12.0,-0.918584330092274
67,-0.17227775221300595,6.37,14.0,-0.7631264195427387
73,-0.17227775221300595,6.37,14.0,-0.7631264195427387
77,-0.16940871238183947,13.280000000000001,7.0,0.0742175837884661
80,0.03929927667172057,9.15,5.0,-0.09872085267164454
81,-0.17227775221300595,6.37,14.0,-0.7631264195427387
104,0.03929927667172057,9.15,5.0,-0.09872085267164454
109,-0.12185283027784012,7.35,10.0,-0.06596011519927858
132,-0.2004809148521721,5.55,13.0,-0.762914884924128
133,-0.17227775221300595,6.37,14.0,-0.7631264195427387
