solID,perfQ,#changes,pas,reliability
3,-0.08322432406410062,4.35,13.0,-0.5568240278625578
4,-0.2758850086631383,16.88,9.0,-0.7563700138613365
5,-0.08579330522459097,8.14,15.0,-0.8390989571312487
11,-0.13767535421997215,7.35,11.0,0.18049374338250057
14,-0.18367521074640555,9.459999999999999,11.0,-0.8937098311918257
16,-0.2758850086631383,16.88,9.0,-0.7563700138613365
20,-0.08322432406410062,4.35,13.0,-0.5568240278625578
24,-0.08579330522459097,8.14,15.0,-0.8390989571312487
29,-0.21997809547492023,14.16,4.0,-0.8083791713761949
49,-0.08579330522459097,8.14,15.0,-0.8390989571312487
52,-0.2113491122811715,10.950000000000001,12.0,-0.8323054925611194
56,-0.08322432406410062,4.35,13.0,-0.5568240278625578
57,-0.029288243457184202,4.54,13.0,-0.8763953638278251
64,-0.08322432406410062,4.35,13.0,-0.5568240278625578
66,-0.03497486685085049,2.9,12.0,-0.8356055425828832
67,-0.13767535421997215,7.35,11.0,0.18049374338250057
