solID,perfQ,#changes,pas,reliability
0,-0.11267730839563803,5.99,10.0,-0.09151726652139791
4,-0.037268703066171395,6.34,14.0,-0.8023003447013941
14,-0.0326936318407809,6.34,11.0,-0.8833201631344308
20,-0.030491095281850476,6.6899999999999995,10.0,-0.2792593927479242
29,-0.09438546398140338,12.62,6.0,-0.279100157100324
47,-0.11267730839563803,5.99,10.0,-0.09151726652139791
48,-0.11267730839563803,5.99,10.0,-0.09151726652139791
55,-0.037268703066171395,6.34,14.0,-0.8023003447013941
58,-0.0326936318407809,6.34,11.0,-0.8833201631344308
59,-0.11267730839563803,5.99,10.0,-0.09151726652139791
67,-0.29352162149645844,17.22,13.0,-0.763086383988203
71,-0.037268703066171395,6.34,14.0,-0.8023003447013941
74,-0.037268703066171395,6.34,14.0,-0.8023003447013941
75,-0.11267730839563803,5.99,10.0,-0.09151726652139791
164,-0.11267730839563803,5.99,10.0,-0.09151726652139791
165,-0.0326936318407809,6.34,11.0,-0.8833201631344308
