solID,perfQ,#changes,pas,reliability
0,-0.26446570206313796,13.53,5.0,-0.763086383988203
38,-0.12189772291572012,6.34,11.0,0.07414371404612008
46,-0.08334358694180699,5.99,11.0,-0.8162702969314246
55,-0.26446570206313796,13.53,5.0,-0.763086383988203
58,-0.08405821673681205,5.99,11.0,-0.7809520865978576
59,-0.22606285993879377,9.75,12.0,-0.7618712405993913
66,-0.22606285993879377,9.75,12.0,-0.7618712405993913
67,-0.26446570206313796,13.53,5.0,-0.763086383988203
70,-0.12189772291572012,6.34,11.0,0.07414371404612008
74,-0.08334358694180699,5.99,11.0,-0.8162702969314246
98,-0.22606285993879377,9.75,12.0,-0.7618712405993913
99,-0.15362551237989933,6.6899999999999995,12.0,-0.46033834118329087
102,-0.22606285993879377,9.75,12.0,-0.7618712405993913
103,-0.20691253249935102,7.16,13.0,-0.05424113799699626
106,-0.26446570206313796,13.53,5.0,-0.763086383988203
126,-0.22606285993879377,9.75,12.0,-0.7618712405993913
