solID,perfQ,#changes,pas,reliability
2,-0.033540952856740296,6.6899999999999995,12.0,-0.7751514206396038
5,-0.10808369258572939,9.809999999999999,9.0,-0.07000121391332159
12,-0.11329776596476893,7.0,12.0,-0.8949557861050842
25,-0.023300628888188096,6.6899999999999995,10.0,-0.8207117855586359
35,-0.11329776596476893,7.0,12.0,-0.8949557861050842
36,-0.11329776596476893,7.0,12.0,-0.8949557861050842
41,-0.11329776596476893,7.0,12.0,-0.8949557861050842
45,-0.11329776596476893,7.0,12.0,-0.8949557861050842
49,-0.11329776596476893,7.0,12.0,-0.8949557861050842
58,-0.11329776596476893,7.0,12.0,-0.8949557861050842
62,-0.11329776596476893,7.0,12.0,-0.8949557861050842
63,-0.3351166152681449,11.39,12.0,-0.7299962450642508
66,-0.033540952856740296,6.6899999999999995,12.0,-0.7751514206396038
122,-0.11329776596476893,7.0,12.0,-0.8949557861050842
123,-0.023300628888188096,6.6899999999999995,10.0,-0.8207117855586359
154,-0.033540952856740296,6.6899999999999995,12.0,-0.7751514206396038
