solID,perfQ,#changes,pas,reliability
1,-0.11206552973258042,8.229999999999999,11.0,-0.8940933651292001
8,-0.023300628888188096,6.5,10.0,-0.8465844148351568
6,-0.12814999563037538,8.139999999999999,13.0,-0.5565943055894069
16,-0.12814999563037538,8.139999999999999,13.0,-0.5565943055894069
24,-0.12814999563037538,8.139999999999999,13.0,-0.5565943055894069
36,-0.15596626745003692,11.61,12.0,-0.8353758203097323
47,-0.12814999563037538,8.139999999999999,13.0,-0.5565943055894069
55,-0.023300628888188096,4.35,11.0,-0.8465844148351568
56,-0.11206552973258042,8.229999999999999,11.0,-0.8940933651292001
57,-0.12814999563037538,8.139999999999999,13.0,-0.5565943055894069
60,-0.023300628888188096,6.5,10.0,-0.8465844148351568
77,-0.19583401835047182,13.879999999999999,9.0,-0.7606036143273173
80,-0.14824379282497785,8.58,12.0,0.1533478709601006
81,-0.2309384197935916,14.069999999999999,9.0,-0.02882611875008423
84,-0.023300628888188096,6.5,10.0,-0.8465844148351568
85,-0.12814999563037538,8.139999999999999,13.0,-0.5565943055894069
