solID,perfQ,#changes,pas,reliability
15,-0.17241446567973737,7.51,14.0,-0.762007481923917
16,-0.2641421082134103,12.709999999999999,13.0,-0.763086383988203
36,-0.1900821922080997,9.969999999999999,10.0,-0.8207117855586359
40,-0.10039070911114782,6.37,13.0,-0.758156189382157
47,-0.17241446567973737,7.51,14.0,-0.762007481923917
50,-0.1900821922080997,9.969999999999999,10.0,-0.8207117855586359
51,-0.17241446567973737,7.51,14.0,-0.762007481923917
54,-0.10039070911114782,6.37,13.0,-0.758156189382157
62,-0.2641421082134103,12.709999999999999,13.0,-0.763086383988203
70,-0.22195166223331603,7.699999999999999,13.0,-0.7601095896792498
76,-0.09471931153261849,8.96,10.0,-0.8207117855586359
138,-0.1900821922080997,9.969999999999999,10.0,-0.8207117855586359
139,-0.1335062555842965,7.0,12.0,-0.9322007075286847
142,-0.07657390101676217,5.99,12.0,-0.908884875555925
143,-0.10039070911114782,6.37,13.0,-0.758156189382157
144,-0.10039070911114782,6.37,13.0,-0.758156189382157
