solID,perfQ,#changes,pas,reliability
4,-0.31327482496181347,8.93,13.0,-0.7635000171826153
8,-0.19725154280818885,12.739999999999998,4.0,-0.6975481025478776
12,-0.11979792644333456,6.34,13.0,0.7159621966726861
56,-0.24884367476902097,18.11,5.0,-0.8262222870908105
60,-0.31327482496181347,8.93,13.0,-0.7635000171826153
72,-0.11979792644333456,6.34,13.0,0.7159621966726861
73,-0.19725154280818885,12.739999999999998,4.0,-0.6975481025478776
76,-0.19725154280818885,12.739999999999998,4.0,-0.6975481025478776
77,-0.2654313847907112,6.6899999999999995,14.0,-0.7635285389117683
89,-0.31327482496181347,8.93,13.0,-0.7635000171826153
91,-0.24884367476902097,18.11,5.0,-0.8262222870908105
93,-0.01761841671808553,6.69,11.0,-0.8709047315197926
94,-0.31327482496181347,8.93,13.0,-0.7635000171826153
95,-0.31327482496181347,8.93,13.0,-0.7635000171826153
98,-0.19725154280818885,12.739999999999998,4.0,-0.6975481025478776
160,-0.31327482496181347,8.93,13.0,-0.7635000171826153
