solID,perfQ,#changes,pas,reliability
0,-0.12580226513406195,8.58,10.0,-0.10800433531301146
27,-0.19888048185529997,13.09,4.0,-0.4946875615878777
33,-0.12580226513406195,8.58,10.0,-0.10800433531301146
48,-0.00376894253529456,4.54,12.0,-0.6916209142450161
49,-0.11085413077087301,6.34,16.0,-0.835446892490418
57,-0.08774288217552824,4.89,16.0,-0.8632251009851907
71,-0.3614192232542913,20.0,9.0,-0.7635000171826153
72,-0.10988273506010028,12.27,3.0,-0.49069421838787763
73,-0.08774288217552824,4.89,16.0,-0.8632251009851907
81,-0.3614192232542913,20.0,9.0,-0.7635000171826153
82,-0.0744338395426188,5.55,12.0,-0.6916209142450161
83,-0.3614192232542913,20.0,9.0,-0.7635000171826153
86,-0.00376894253529456,4.54,12.0,-0.6916209142450161
101,-0.3614192232542913,20.0,9.0,-0.7635000171826153
106,-0.00376894253529456,4.54,12.0,-0.6916209142450161
128,-0.10433416336553666,6.34,13.0,-0.8793685861418506
