solID,perfQ,#changes,pas,reliability
6,-0.09508625910384602,8.23,12.0,-0.8437841198835525
10,-0.17928435314724153,17.35,7.0,-0.8207117855586359
16,-0.09508625910384602,8.23,12.0,-0.8437841198835525
21,-0.09508625910384602,8.23,12.0,-0.8437841198835525
48,-0.2743789826528817,17.35,8.0,-0.8204600170875478
55,-0.13372035752770414,8.23,11.0,-0.8239712826331463
69,-0.09508625910384602,8.23,12.0,-0.8437841198835525
73,-0.17928435314724153,17.35,7.0,-0.8207117855586359
74,-0.09508625910384602,8.23,12.0,-0.8437841198835525
75,-0.2743789826528817,17.35,8.0,-0.8204600170875478
83,-0.18937182211849826,7.35,11.0,0.18241952201009481
86,-0.04053410902662722,4.54,13.0,-0.32401427231074303
87,-0.09367236614737731,5.99,11.0,-0.700807599622388
88,-0.09508625910384602,8.23,12.0,-0.8437841198835525
93,-0.13372035752770414,8.23,11.0,-0.8239712826331463
107,-0.20809615639042042,8.96,14.0,-0.7509188040601672
