solID,perfQ,#changes,pas,reliability
14,-0.07186700300895896,8.139999999999999,10.0,-0.9254445680258829
42,-0.23424311404296674,11.96,13.0,-0.7635384632158457
47,-0.09662238666649865,6.15,11.0,-0.009205184981053383
54,-0.09662238666649865,6.15,11.0,-0.009205184981053383
64,0.1105711899397225,8.139999999999999,5.0,-0.25246108167989945
72,-0.26679295072580544,11.48,13.0,-0.5176817771487394
96,-0.09662238666649865,6.15,11.0,-0.009205184981053383
97,-0.07294545908206164,4.35,12.0,-0.7183964904213787
101,-0.09662238666649865,6.15,11.0,-0.009205184981053383
104,-0.2555520108871528,8.83,14.0,-0.7633607736142636
109,-0.26679295072580544,11.48,13.0,-0.5176817771487394
116,-0.09662238666649865,6.15,11.0,-0.009205184981053383
120,-0.25913420207294435,15.870000000000001,5.0,-0.8211638647862786
127,0.015829471358093445,9.94,7.0,-0.582160523649905
131,0.11057118993972591,5.99,5.0,-0.7792130484160338
134,-0.07186700300895896,8.139999999999999,10.0,-0.9254445680258829
