solID,perfQ,#changes,pas,reliability
0,-0.034731637199110474,6.69,11.0,-0.3267351012015374
10,-0.18825609204047952,14.16,11.0,-0.8499267378558145
17,-0.12764685371760034,4.54,12.0,-0.48447172297340396
21,-0.18825609204047952,14.16,11.0,-0.8499267378558145
40,-0.1092714625839847,11.92,15.0,-0.856984694348926
49,-0.1092714625839847,14.07,14.0,-0.8499267378558145
54,-0.1092714625839847,11.92,15.0,-0.856984694348926
70,-0.18825609204047952,14.16,11.0,-0.8499267378558145
74,-0.18825609204047952,14.16,11.0,-0.8499267378558145
81,-0.1092714625839847,11.92,15.0,-0.856984694348926
84,-0.016866212250245798,4.54,12.0,-0.8195179561679995
85,-0.23568022182154416,7.04,14.0,-0.08495191488810026
100,-0.17909391134834912,4.54,13.0,-0.8357723962884095
129,-0.034731637199110474,6.69,11.0,-0.3267351012015374
132,-0.21641874198218206,8.01,13.0,-0.7632532376937293
137,-0.18825609204047952,14.16,11.0,-0.8499267378558145
