solID,perfQ,#changes,pas,reliability
7,0.08808255592211955,5.99,5.0,-0.6878822970618316
10,-0.1398719468033286,12.079999999999998,7.0,-0.26599317255989946
20,-0.21126824217881277,15.68,8.0,0.09301899906078304
24,0.08808255592211955,5.99,5.0,-0.6878822970618316
40,-0.1398719468033286,13.879999999999999,7.0,-0.5844055954106575
48,0.08808255592211955,5.99,5.0,-0.6878822970618316
51,0.08808255592211955,5.99,5.0,-0.6878822970618316
54,0.08808255592211955,5.99,5.0,-0.6878822970618316
59,0.08808255592211955,5.99,5.0,-0.6878822970618316
60,0.08808255592211955,5.99,5.0,-0.6878822970618316
103,-0.25256446487481726,4.54,11.0,-0.8758409820422582
107,0.08808255592211955,5.99,5.0,-0.6878822970618316
111,0.08808255592211955,5.99,5.0,-0.6878822970618316
114,-0.01670983201195086,4.54,13.0,-0.8773100001854568
118,0.08808255592211955,5.99,5.0,-0.6878822970618316
130,-0.06043808751051605,4.35,11.0,-0.6906143802618316
