solID,perfQ,#changes,pas,reliability
120,-0.09455364405789626,6.34,11.0,-0.4801570439418317
182,-0.20572480807694296,9.459999999999999,12.0,-0.4888923897454937
262,-0.1788760479371658,9.4,10.0,0.1526058227130208
278,-0.16513087952082345,11.919999999999998,9.0,-0.7055999307389532
292,-0.2689490735962222,10.63,12.0,-0.054051774842836076
330,-0.1994963626879707,9.27,12.0,-0.4891133312769962
334,-0.18203009462705075,15.08,6.0,-0.7301927025942363
336,-0.10830975700094655,8.14,12.0,-0.0559788753570549
344,-0.10852856098611578,9.27,11.0,-0.6977073381954779
360,-0.09262056628812257,4.54,13.0,-0.7055999307389532
364,-0.1925363801014029,9.459999999999999,12.0,-0.7055999307389532
394,-0.16354066192939923,7.35,11.0,0.14784207302938102
396,-0.12235407528560518,8.14,14.0,-0.4560485077431454
404,-0.3072484711128043,15.55,9.0,-0.054051774842836076
412,-0.1403588416142012,8.14,15.0,-0.7824023798121907
420,-0.10852856098611578,9.27,11.0,-0.6977073381954779
