solID,perfQ,#changes,pas,reliability
200,-0.21375380893408555,6.8100000000000005,13.0,-0.8359516020320017
228,-0.19597432320978708,7.6,11.0,-0.4887672718278777
232,-0.0722182358682685,14.069999999999999,10.0,-0.8184998183637681
264,-0.18625498763094359,13.280000000000001,8.0,-0.054166798477813694
276,-0.1493973199780833,5.55,12.0,-0.820447419260155
288,-0.1901375748198832,7.0,12.0,-0.8994041755593778
296,-0.1707601362490442,9.24,11.0,-0.5553115746168409
308,-0.23730373791457238,14.98,12.0,-0.7453134335476426
332,-0.19857997096728294,5.99,13.0,-0.8324689773256538
340,-0.07167378426074343,14.069999999999999,7.0,-0.8184998183637681
358,-0.2480548853184326,17.13,12.0,-0.2693253200444651
364,-0.014008651046078346,4.54,14.0,-0.8324344490679901
372,-8.025361212755227E-4,6.6899999999999995,9.0,-0.8184998183637681
382,-0.035963389791783006,8.14,10.0,-0.8187742079898286
386,-0.20597974571692704,9.05,11.0,-0.47099432138731717
394,-0.21375380893408555,6.8100000000000005,13.0,-0.8359516020320017
