solID,perfQ,#changes,pas,reliability
56,-0.03868020897872302,6.15,11.0,-0.8005953799544985
202,-0.12471926456796963,6.15,12.0,-0.8185939028257564
216,-0.1330756409898231,5.71,11.0,-0.06596011519927847
248,-0.19433956958679818,7.3500000000000005,12.0,0.18670081676490058
264,-0.03231540467237851,8.14,10.0,-0.6943583954118776
270,-0.17759042369671527,10.379999999999999,11.0,-0.7665266293554973
280,-0.061044543551571816,5.99,11.0,-0.8005760754708607
292,-0.043251803917080923,4.7,11.0,-0.6952046473843005
310,-0.04642907956859688,8.14,11.0,-0.901891123356569
314,-0.22877351927806008,13.09,6.0,-0.06596011519927858
326,-0.029736452070048984,5.99,11.0,-0.8209474629086267
350,-0.22877351927806008,13.09,6.0,-0.06596011519927858
356,-0.12471926456796963,6.15,12.0,-0.8185939028257564
360,-0.1868928467235503,8.01,13.0,-0.9269016879452068
364,-0.1330756409898231,5.71,11.0,-0.06596011519927847
366,-0.12471926456796963,6.15,12.0,-0.8185939028257564
