solID,perfQ,#changes,pas,reliability
190,-0.13025516474910473,5.99,13.0,-0.7753321157446771
224,-0.009570010841112721,5.989999999999999,11.0,-0.7146324813944135
254,-0.114799874572487,11.919999999999998,11.0,-0.5863229636282576
278,-0.19842214665336474,6.56,14.0,-0.7252101239181443
298,-0.19851414258111166,14.07,5.0,-0.8821656558182159
318,-0.32420727344456235,10.38,13.0,-0.7755650538340162
330,-0.12118802293179949,5.99,12.0,-0.8210578450077544
334,-0.1946185839692409,7.949999999999999,12.0,-0.760742928824626
358,-0.08064061488091548,7.0,11.0,-0.7146324813944135
366,-0.25256558561171033,11.919999999999998,13.0,-0.8768191910195342
376,-0.01501198202422231,8.14,10.0,-0.6817885993920652
382,-0.09549911862704001,10.28,11.0,-0.8770654479411379
390,-0.049638862767564004,5.99,11.0,-0.8933901798009164
394,-0.16690838081042017,12.739999999999998,12.0,-0.8770654479411378
398,-0.12142153022383677,9.94,12.0,-0.8205243359065207
414,-0.1946185839692409,7.949999999999999,12.0,-0.760742928824626
