solID,perfQ,#changes,pas,reliability
90,-0.13592891388162162,8.3,12.0,-0.48411741961576255
102,-0.12765574541738783,12.62,9.0,-0.08531989942998473
176,-0.14195581167929022,9.02,11.0,-0.30347289519764975
264,-0.15844099659764094,10.16,12.0,-0.7859604126939318
304,-0.28854961746300106,14.67,5.0,-0.762834615517115
326,-0.19052660577217959,10.469999999999999,12.0,-0.5879717204612218
360,-0.12745403546959735,7.0,13.0,-0.7651765954289221
368,-0.31336029711971697,8.93,13.0,-0.7630711540041042
384,-0.1179913886629235,9.940000000000001,12.0,-0.5688905657330229
392,-0.13004091141078797,9.46,13.0,-0.7651765954289221
394,-0.0499182869675241,6.6899999999999995,11.0,-0.5175612935650247
398,-0.21095653395610922,9.809999999999999,11.0,-0.10975434836011011
402,-0.19102441292791852,8.74,13.0,-0.7632456196358034
414,-0.15844099659764094,10.16,12.0,-0.7859604126939318
418,-0.09016582659002081,6.779999999999999,11.0,-0.7649886101771313
420,-0.13004091141078797,9.46,13.0,-0.7651765954289221
