solID,perfQ,#changes,pas,reliability
74,-0.006640311055134669,3.44,10.0,0.0742175837884661
92,-0.1386887323333085,7.35,12.0,-0.4909644136217314
132,-0.16522098496495222,8.96,11.0,-0.5844055954106576
242,-0.18705745523450854,14.069999999999999,12.0,-0.7651639270021757
272,-0.331691797619785,10.469999999999999,8.0,-0.48852101490627386
290,-0.12814999563037538,8.93,11.0,-0.7628566617150522
310,-0.2161257111713729,14.319999999999999,9.0,-0.7616401106546125
326,-0.1530798390737287,10.379999999999999,10.0,-0.49051759589089305
330,-0.17227775221300595,7.510000000000001,13.0,-0.762007481923917
334,-0.09723716198918887,8.58,11.0,-0.7643079533199103
342,-0.13626114624245103,11.389999999999999,12.0,-0.7648367080512184
364,-0.11388206419796565,5.359999999999999,12.0,-0.893230944153316
372,-0.19098678070668398,10.16,14.0,-0.02828423851906592
384,-0.13626114624245103,11.389999999999999,12.0,-0.7648367080512184
388,-0.006640311055134669,3.44,10.0,0.0742175837884661
400,-0.12814999563037538,8.93,11.0,-0.7628566617150522
