solID,perfQ,#changes,pas,reliability
266,-0.28855346508066443,14.98,4.0,-0.8207117855586359
272,-0.25171205510731154,8.83,13.0,-0.8207117855586359
296,-0.19597246519013606,9.05,11.0,-0.5612864304225578
298,-0.08137088734254498,7.35,11.0,-0.06596011519927858
306,-0.09002752056648732,8.229999999999999,10.0,-0.4990840586205723
320,-0.16638846342494243,5.55,13.0,-0.835620260800373
336,-0.22606208253523727,8.17,13.0,-0.12641423714255784
352,-0.12617158839609557,7.0,12.0,-0.3808207455069867
364,-0.09490733117786761,8.229999999999999,11.0,-0.6919587156678776
366,-0.00210420666906466,5.99,12.0,-0.8571776678251406
370,-0.04191883152640931,4.54,12.0,-0.8378990523627218
372,-0.04214930943649042,2.9,12.0,-0.8357647782304836
374,-0.17781287244176736,6.37,13.0,-0.8356055425828832
378,-0.1956245469195601,12.93,5.0,-0.821670031087396
384,-0.26006361218947843,10.06,12.0,-0.8207117855586359
386,-0.19597246519013606,9.05,11.0,-0.5612864304225578
