solID,perfQ,#changes,pas,reliability
16,-0.1759760606339939,8.49,13.0,0.28006699932617996
48,-0.14588053411823318,7.0,12.0,-0.5663126356065579
204,-0.2198885533790516,12.93,9.0,-0.10746930991055792
244,-0.19912933659713009,14.16,8.0,-0.10746930991055792
272,-0.1912912378391915,14.889999999999999,12.0,-0.4843048692678777
276,-0.17358918501690143,12.739999999999998,11.0,-0.6940039835078776
296,-0.24854476651975896,8.49,13.0,0.5754060539688827
304,-0.17306776667505575,13.09,12.0,-0.817390121417783
310,-0.023488050977819187,8.14,8.0,-0.5528642435963848
314,-0.2015390864805456,8.139999999999999,14.0,-0.6240192186437508
330,-0.1577045363623448,12.739999999999998,13.0,-0.8198928122289604
340,-0.03338690516833372,8.14,8.0,-0.5367505085717448
352,-0.15558984744989376,7.95,11.0,-0.8146855692283366
360,-0.3173109437518595,13.44,13.0,-0.762834615517115
364,-0.25545126038384985,9.969999999999999,14.0,-0.7632456196358034
366,-0.17306776667505575,13.09,12.0,-0.817390121417783
