solID,perfQ,#changes,pas,reliability
106,-0.1667608403388368,7.82,12.0,-0.8317986132327609
130,-0.2142402272506294,9.05,11.0,-0.2479986791198993
232,-0.1747989023154892,12.739999999999998,5.0,-0.8317986132327609
284,-0.1939387576718037,8.229999999999999,11.0,-0.775310293522541
302,-0.11809634748673702,8.229999999999999,10.0,-0.8325297779242208
318,-0.25623300711803754,10.28,12.0,-0.7753081169345621
322,-0.21853637840735526,12.18,11.0,-0.7741511237480426
338,-0.20500083213321615,14.89,5.0,-0.81973357658136
344,-0.1923094476003485,7.82,12.0,-0.5834273864333818
350,-0.09953010440332888,6.5,12.0,-0.48352872751195825
362,-0.105132978399776,6.81,13.0,-0.8582102556192093
374,-0.3271736265928819,9.81,13.0,-0.06637374839369081
378,-0.17277188960672593,10.63,10.0,-0.06596011519927858
382,-0.17795144626310494,9.05,11.0,-0.8317986132327608
386,-0.2744931636271644,15.2,8.0,-0.7753081169345621
394,-0.20500083213321615,14.89,5.0,-0.81973357658136
