solID,perfQ,#changes,pas,reliability
104,-0.2646707832310406,15.65,13.0,-0.7398635087258401
124,-0.19476257157370735,7.510000000000001,13.0,-0.4840531007967896
164,-0.17745482813849148,12.93,5.0,-0.04555813761393834
192,-0.18505244358314948,8.58,11.0,-0.5931186735245191
252,-0.11685596313878228,5.55,13.0,-0.7644445163645218
260,-0.1883136805038326,6.72,13.0,-0.760742928824626
310,-0.1287809152484092,6.34,11.0,-0.48107095671664923
318,-0.23574731409188135,14.100000000000001,13.0,-0.760742928824626
326,-0.2285653209727647,13.75,13.0,-0.7453134335476426
334,-0.1287847897080249,7.35,11.0,-0.4773881581204082
342,-0.18807709831044245,8.01,13.0,-0.7644445163645218
348,-0.2025100039332715,8.36,16.0,-0.8520390741869496
356,-0.062037547999867174,6.34,10.0,-0.2659931725598994
360,-0.12185746774655064,6.5,11.0,-0.5005805400081904
376,-0.03824481351072848,4.89,11.0,-0.4773881581204082
390,-0.1883136805038326,6.72,13.0,-0.760742928824626
