solID,perfQ,#changes,pas,reliability
112,-0.33313003580937145,11.919999999999998,7.0,-0.37708439673739447
124,-0.06237435850674978,6.69,11.0,-0.7892440124466169
158,-0.15464267108070898,7.510000000000001,13.0,-0.4843048692678777
212,-0.14900298906102744,5.55,16.0,-0.6180763392025483
218,-0.23160480952257462,14.07,9.0,-0.7303933940462026
340,-0.18995801283621055,10.19,11.0,-0.4961181374481904
358,-0.20203403157285185,9.15,14.0,-0.8004836667683428
364,-0.14091687576541462,7.0,13.0,-0.530674409219242
368,-0.26682793283829526,6.34,12.0,0.33210690870293086
376,-0.19465767092645686,7.82,12.0,-0.8263475566698578
378,-0.1747989023154892,12.739999999999998,6.0,-0.8263475566698578
380,-0.16826405704683636,7.7,13.0,-0.7665695952485319
384,-0.1420519389512063,11.729999999999999,7.0,-0.8162702969314246
394,-0.2661204805664935,8.14,14.0,0.17682643322759448
396,-0.07720841173580427,3.09,12.0,-0.8221945192845495
404,-0.16826405704683636,7.7,13.0,-0.7665695952485319
