solID,perfQ,#changes,pas,reliability
266,-0.17239011703096002,7.0,12.0,-0.8768082512896599
278,-0.20265971546132683,8.01,12.0,-0.8817384458957059
286,-0.1729050070510712,9.15,11.0,-0.8323863294495406
324,-0.23149151858973965,10.95,13.0,-0.14325021419372208
344,-0.023300628888188096,5.05,10.0,-0.8207117855586359
362,-0.13157093638187564,13.879999999999999,5.0,-0.8327768222100367
364,-0.205344522318567,8.23,12.0,-0.8261037195534502
376,-0.15566323534953927,5.55,12.0,-0.8817384458957059
378,-0.11399018023055799,8.23,10.0,-0.8263475566698578
384,-0.16223040168297637,9.15,10.0,-0.8817384458957059
396,-0.1646557990234301,7.0,11.0,-0.8799620143708533
400,-0.16182397356093992,7.0,12.0,-0.8809623041397865
414,-0.06216312334858104,7.95,10.0,-0.8582102556192093
420,-0.17316553483918282,17.66,5.0,-0.8327768222100367
422,-0.2307494926339528,10.95,12.0,-0.14544389468852417
426,-0.20265971546132683,8.01,12.0,-0.8817384458957059
