solID,perfQ,#changes,pas,reliability
8,-0.04532186036890116,8.14,8.0,-0.802583965549432
60,-0.04532186036890116,8.14,8.0,-0.802583965549432
76,-0.04532186036890116,8.14,8.0,-0.802583965549432
77,-0.04532186036890116,8.14,8.0,-0.802583965549432
165,-0.3226462340637986,12.93,9.0,-0.09605195977998303
174,-0.04532186036890116,8.14,8.0,-0.802583965549432
178,-0.04532186036890116,8.14,8.0,-0.802583965549432
183,-0.04532186036890116,8.14,8.0,-0.802583965549432
188,-0.3397988479308287,13.75,6.0,-0.7632430802831613
193,-0.04306005184422007,6.5,10.0,-0.876087238963862
308,-0.04532186036890116,8.14,8.0,-0.802583965549432
862,-0.04532186036890116,8.14,8.0,-0.802583965549432
863,-0.268386052767502,12.739999999999998,5.0,-0.8208684818535943
1320,-0.3397988479308287,13.75,6.0,-0.7632430802831613
1332,-0.3226462340637986,12.93,9.0,-0.09605195977998303
1382,-0.04532186036890116,8.14,8.0,-0.802583965549432
