solID,perfQ,#changes,pas,reliability
12,-0.26820265257422327,13.75,6.0,-0.758156189382157
20,-0.26820265257422327,13.75,6.0,-0.758156189382157
45,-0.055146685341577066,8.01,5.0,-0.7564961983904162
74,-0.2014365546922601,7.82,13.0,-0.8306753479768372
136,-0.2014365546922601,7.82,13.0,-0.8306753479768372
144,-0.26820265257422327,13.75,6.0,-0.758156189382157
145,-0.26820265257422327,13.75,6.0,-0.758156189382157
147,-0.26820265257422327,13.75,6.0,-0.758156189382157
247,-0.26820265257422327,13.75,6.0,-0.758156189382157
279,-0.26820265257422327,13.75,6.0,-0.758156189382157
282,-0.26820265257422327,13.75,6.0,-0.758156189382157
286,-0.2014365546922601,7.82,13.0,-0.8306753479768372
526,-0.26820265257422327,13.75,6.0,-0.758156189382157
556,-0.26820265257422327,13.75,6.0,-0.758156189382157
557,-0.10885807081829964,2.9,12.0,-0.8208684818535943
1012,-0.2014365546922601,7.82,13.0,-0.8306753479768372
