solID,perfQ,#changes,pas,reliability
54,-0.3148443365952818,9.84,14.0,-0.763086383988203
76,-0.3148443365952818,9.84,14.0,-0.763086383988203
306,-0.3148443365952818,9.84,14.0,-0.763086383988203
307,-0.3148443365952818,9.84,14.0,-0.763086383988203
311,-0.009403842893988228,5.24,12.0,-0.8132793299493597
319,-0.3148443365952818,9.84,14.0,-0.763086383988203
335,-0.3148443365952818,9.84,14.0,-0.763086383988203
1063,-0.3148443365952818,9.84,14.0,-0.763086383988203
1066,-0.3148443365952818,9.84,14.0,-0.763086383988203
1067,-0.25545126038384985,8.83,14.0,-0.7632456196358034
1069,-0.10423897659969573,7.7,9.0,-0.8132793299493597
1072,-0.043590534696430816,6.6899999999999995,9.0,-0.8135537195754202
1079,-0.3148443365952818,9.84,14.0,-0.763086383988203
1086,-0.3148443365952818,9.84,14.0,-0.763086383988203
1087,-0.3148443365952818,9.84,14.0,-0.763086383988203
1090,-0.043590534696430816,6.6899999999999995,9.0,-0.8135537195754202
