solID,perfQ,#changes,pas,reliability
15,-0.13865396178548112,12.93,5.0,-0.821861680193148
30,-0.13865396178548112,12.93,5.0,-0.821861680193148
46,-0.13865396178548112,12.93,5.0,-0.821861680193148
54,-0.13865396178548112,12.93,5.0,-0.821861680193148
56,-0.2078746689356412,10.95,12.0,-0.8157736382620628
74,-0.13865396178548112,12.93,5.0,-0.821861680193148
156,-0.11273714432979284,3.09,14.0,-0.6063397994820863
240,-0.13865396178548112,12.93,5.0,-0.821861680193148
292,-0.13865396178548112,12.93,5.0,-0.821861680193148
325,-0.13865396178548112,12.93,5.0,-0.821861680193148
328,-0.13865396178548112,12.93,5.0,-0.821861680193148
330,-0.13865396178548112,12.93,5.0,-0.821861680193148
331,-0.13865396178548112,12.93,5.0,-0.821861680193148
1294,-0.13865396178548112,12.93,5.0,-0.821861680193148
1382,-0.08022236280374354,7.3500000000000005,11.0,-0.819518225029571
1383,-0.13865396178548112,12.93,5.0,-0.821861680193148
