solID,perfQ,#changes,pas,reliability
39,-0.005622346605122965,0.0,13.0,-0.763086383988203
48,-0.005622346605122965,0.0,13.0,-0.763086383988203
61,-0.24080072219477985,13.66,11.0,-0.8194966421698242
102,-0.005622346605122965,0.0,13.0,-0.763086383988203
103,-0.005622346605122965,0.0,13.0,-0.763086383988203
106,-0.005622346605122965,0.0,13.0,-0.763086383988203
133,-0.005622346605122965,0.0,13.0,-0.763086383988203
149,-0.005622346605122965,0.0,13.0,-0.763086383988203
153,-0.005622346605122965,0.0,13.0,-0.763086383988203
160,-0.005622346605122965,0.0,13.0,-0.763086383988203
164,-0.005622346605122965,0.0,13.0,-0.763086383988203
165,-0.005622346605122965,0.0,13.0,-0.763086383988203
244,-0.005622346605122965,0.0,13.0,-0.763086383988203
536,-0.005622346605122965,0.0,13.0,-0.763086383988203
764,-0.005622346605122965,0.0,13.0,-0.763086383988203
1471,-0.005622346605122965,0.0,13.0,-0.763086383988203
