solID,perfQ,#changes,pas,reliability
13,-0.18065923846320833,14.16,10.0,-0.8206139646609083
60,-0.18065923846320833,14.16,10.0,-0.8206139646609083
64,-0.18065923846320833,14.16,10.0,-0.8206139646609083
302,-0.18065923846320833,14.16,10.0,-0.8206139646609083
306,-0.18065923846320833,14.16,10.0,-0.8206139646609083
308,-0.18065923846320833,14.16,10.0,-0.8206139646609083
313,-0.18065923846320833,14.16,10.0,-0.8206139646609083
316,-0.056650931085884135,5.99,13.0,-0.893222533743322
506,-0.18065923846320833,14.16,10.0,-0.8206139646609083
643,-0.05176650562452561,5.8,12.0,-0.9186643775624886
1065,-0.18065923846320833,14.16,10.0,-0.8206139646609083
1068,-0.18065923846320833,14.16,10.0,-0.8206139646609083
1370,-0.18065923846320833,14.16,10.0,-0.8206139646609083
1374,-0.18065923846320833,14.16,10.0,-0.8206139646609083
1375,-0.18065923846320833,14.16,10.0,-0.8206139646609083
1376,-0.05176650562452561,5.8,12.0,-0.9186643775624886
