solID,perfQ,#changes,pas,reliability
1,-0.33313149638801753,11.92,7.0,-0.826101299748254
11,-0.031090505782708493,2.9,11.0,-0.6940039835078776
33,-0.031090505782708493,2.9,11.0,-0.6940039835078776
39,-0.257039736804152,4.54,11.0,-0.826101299748254
41,-0.33313149638801753,11.92,7.0,-0.826101299748254
73,-0.33313149638801753,11.92,7.0,-0.826101299748254
299,-0.33313149638801753,11.92,7.0,-0.826101299748254
303,-0.33313149638801753,11.92,7.0,-0.826101299748254
305,-0.257039736804152,4.54,11.0,-0.826101299748254
316,-0.031090505782708493,2.9,11.0,-0.6940039835078776
317,-0.33313149638801753,11.92,7.0,-0.826101299748254
320,-0.33313149638801753,11.92,7.0,-0.826101299748254
326,-0.33313149638801753,11.92,7.0,-0.826101299748254
327,-0.33313149638801753,11.92,7.0,-0.826101299748254
330,-0.33313149638801753,11.92,7.0,-0.826101299748254
1448,-0.33313149638801753,11.92,7.0,-0.826101299748254
