solID,perfQ,#changes,pas,reliability
144,0.03226218574181635,7.0,5.0,-0.44389411837397036
243,-0.10988594269919168,9.27,9.0,-0.816630464547639
252,-0.10988594269919168,9.27,9.0,-0.816630464547639
265,-0.10988594269919168,9.27,9.0,-0.816630464547639
287,-0.10988594269919168,9.27,9.0,-0.816630464547639
339,-0.25704075361870377,7.0,11.0,-0.8090183675451611
615,-0.3037571557924244,7.0,14.0,-0.7230804281058208
634,-0.25704075361870377,7.0,11.0,-0.8090183675451611
639,-0.25704075361870377,7.0,11.0,-0.8090183675451611
647,-0.2629213004445447,9.15,14.0,-0.7450671766260388
655,-0.10652609992467502,5.36,12.0,-0.48446410491547803
894,-0.25704075361870377,7.0,11.0,-0.8090183675451611
895,-0.25704075361870377,7.0,11.0,-0.8090183675451611
906,-0.2629213004445447,9.15,14.0,-0.7450671766260388
913,-0.25704075361870377,7.0,11.0,-0.8090183675451611
1086,-0.24434724287668924,5.55,12.0,-0.7450671766260388
