solID,perfQ,#changes,pas,reliability
9,0.11057118993972369,6.69,5.0,-0.8199664834807114
12,-0.09783995785842606,6.1499999999999995,10.0,-0.10981305715509937
16,-0.09783995785842606,6.1499999999999995,10.0,-0.10981305715509937
48,0.11057118993972369,6.69,5.0,-0.8199664834807114
167,0.11057118993972369,6.69,5.0,-0.8199664834807114
175,0.11057118993972369,6.69,5.0,-0.8199664834807114
223,0.11057118993972369,6.69,5.0,-0.8199664834807114
231,0.11057118993972369,6.69,5.0,-0.8199664834807114
234,0.11057118993972369,6.69,5.0,-0.8199664834807114
235,0.11057118993972369,6.69,5.0,-0.8199664834807114
283,0.11057118993972369,6.69,5.0,-0.8199664834807114
431,0.11057118993972369,6.69,5.0,-0.8199664834807114
432,0.11057118993972369,6.69,5.0,-0.8199664834807114
514,0.11057118993972369,6.69,5.0,-0.8199664834807114
568,0.11057118993972369,6.69,5.0,-0.8199664834807114
598,0.11057118993972369,6.69,5.0,-0.8199664834807114
