solID,perfQ,#changes,pas,reliability
5,-0.24262872238637792,9.15,13.0,-0.7667362776137422
14,-0.132176303324617,7.35,12.0,-0.02427447565941354
36,-0.24262872238637792,9.15,13.0,-0.7667362776137422
47,-0.24262872238637792,9.15,13.0,-0.7667362776137422
51,-0.132176303324617,7.35,12.0,-0.02427447565941354
182,-0.24262872238637792,9.15,13.0,-0.7667362776137422
186,-0.05875142243091959,8.14,12.0,-0.91991623419198
187,-0.24262872238637792,9.15,13.0,-0.7667362776137422
193,-0.132176303324617,7.35,12.0,-0.02427447565941354
210,-0.24262872238637792,9.15,13.0,-0.7667362776137422
214,-0.24262872238637792,9.15,13.0,-0.7667362776137422
218,-0.24262872238637792,9.15,13.0,-0.7667362776137422
219,-0.24262872238637792,9.15,13.0,-0.7667362776137422
236,-0.24262872238637792,9.15,13.0,-0.7667362776137422
1007,-0.24262872238637792,9.15,13.0,-0.7667362776137422
1010,-0.24262872238637792,9.15,13.0,-0.7667362776137422
