solID,perfQ,#changes,pas,reliability
7,-0.06152858313509294,4.7,10.0,-0.0662345048253391
34,-0.06152858313509294,4.7,10.0,-0.0662345048253391
40,-0.04839931874113827,6.6899999999999995,11.0,-0.819440046370705
52,-0.06152858313509294,4.7,10.0,-0.0662345048253391
322,-0.04839931874113827,6.6899999999999995,11.0,-0.819440046370705
323,-0.04839931874113827,6.6899999999999995,11.0,-0.819440046370705
350,-0.05495059981388206,8.14,10.0,-0.8770654479411379
359,-0.06152858313509294,4.7,10.0,-0.0662345048253391
367,-0.06152858313509294,4.7,10.0,-0.0662345048253391
375,-0.06152858313509294,4.7,10.0,-0.0662345048253391
379,-0.04839931874113827,6.6899999999999995,11.0,-0.819440046370705
382,-0.06152858313509294,4.7,10.0,-0.0662345048253391
408,-0.04839931874113827,6.6899999999999995,11.0,-0.819440046370705
530,-0.14388863139217528,9.15,11.0,-0.819440046370705
535,-0.04839931874113827,6.6899999999999995,11.0,-0.819440046370705
832,-0.04839931874113827,6.6899999999999995,11.0,-0.819440046370705
