solID,perfQ,#changes,pas,reliability
15,-0.10107763880137001,12.27,7.0,0.25728290381474006
65,-0.10107763880137001,12.27,7.0,0.25728290381474006
562,-0.017586243133149364,4.89,11.0,0.25728290381474006
832,-0.10107763880137001,12.27,7.0,0.25728290381474006
1263,-0.21384792815932463,9.239999999999998,12.0,-0.8082833091839743
1270,-0.164028197251932,7.0,12.0,-0.8498021913351105
1274,-0.17901321949444896,8.01,13.0,-0.8082833091839743
1286,-0.164028197251932,7.0,12.0,-0.8498021913351105
1287,-0.10107763880137001,12.27,7.0,0.25728290381474006
1294,-0.017586243133149364,4.89,11.0,0.25728290381474006
1298,-0.04514435067073662,6.34,11.0,-0.17312688690525985
1396,-0.164028197251932,7.0,12.0,-0.8498021913351105
1397,-0.2616027708088368,10.25,13.0,-0.7519296468014723
1404,-0.10107763880137001,12.27,7.0,0.25728290381474006
1413,-0.21384792815932463,9.239999999999998,12.0,-0.8082833091839743
1456,-0.10107763880137001,12.27,7.0,0.25728290381474006
