solID,perfQ,#changes,pas,reliability
125,-0.2685362220134509,13.75,5.0,-0.8207117855586359
164,-0.2685362220134509,13.75,5.0,-0.8207117855586359
172,-0.2685362220134509,13.75,5.0,-0.8207117855586359
219,-0.2685362220134509,13.75,5.0,-0.8207117855586359
249,-0.2685362220134509,13.75,5.0,-0.8207117855586359
276,-0.2685362220134509,13.75,5.0,-0.8207117855586359
286,-0.29362309433960654,8.01,13.0,-0.45577624433412944
482,-0.2685362220134509,13.75,5.0,-0.8207117855586359
564,-0.2685362220134509,13.75,5.0,-0.8207117855586359
567,-0.2685362220134509,13.75,5.0,-0.8207117855586359
570,-0.2685362220134509,13.75,5.0,-0.8207117855586359
820,-0.2685362220134509,13.75,5.0,-0.8207117855586359
856,-0.2685362220134509,13.75,5.0,-0.8207117855586359
857,-0.2685362220134509,13.75,5.0,-0.8207117855586359
1261,-0.2685362220134509,13.75,5.0,-0.8207117855586359
1265,-0.2685362220134509,13.75,5.0,-0.8207117855586359
