solID,perfQ,#changes,pas,reliability
33,-0.22121695044736864,15.08,9.0,-0.2690052203274378
50,-0.18682823552621033,7.35,12.0,-0.023696734174287193
112,-0.07283702882538466,8.14,11.0,-0.9464604108319201
445,-0.22121695044736864,15.08,9.0,-0.2690052203274378
453,-0.12166121327350135,4.54,14.0,-0.7257775350003188
500,-0.23488567645815195,14.510000000000002,11.0,-0.1722096658471387
1356,-0.1602802474327302,8.58,6.0,-0.6206139500071386
1357,-0.16000563394482412,7.35,11.0,-0.6206139500071386
1383,-0.07283702882538466,8.14,11.0,-0.9464604108319201
1386,-0.07283702882538466,8.14,11.0,-0.9464604108319201
1387,-0.12166121327350135,4.54,14.0,-0.7257775350003188
1392,-0.23488567645815195,14.510000000000002,11.0,-0.1722096658471387
1396,-0.12166121327350135,4.54,14.0,-0.7257775350003188
1405,-0.12166121327350135,4.54,14.0,-0.7257775350003188
1415,-0.12166121327350135,4.54,14.0,-0.7257775350003188
1443,-0.07283702882538466,8.14,11.0,-0.9464604108319201
