solID,perfQ,#changes,pas,reliability
0,-0.058678099136299115,7.95,12.0,-0.8357647782304836
6,-0.23477680716995106,14.07,6.0,-0.6246151877388615
11,-0.08554127718315394,8.3,13.0,-0.5111454043245781
12,-0.09039698912500216,6.34,12.0,-0.12657347279015818
16,-0.060150125083657455,6.34,11.0,-0.8213927646820881
20,-0.07396095423315839,11.919999999999998,4.0,-0.4887643924079582
24,-0.16853480291362846,18.2,5.0,-0.7323589240415201
32,-0.17096086896081836,10.19,12.0,-0.814509851764659
44,-0.16679563507708126,9.149999999999999,11.0,-0.6266219851225188
76,-0.16586869026609558,9.05,12.0,-0.8410335754321842
78,-0.16679563507708126,9.149999999999999,11.0,-0.6266219851225188
82,-0.060150125083657455,6.34,11.0,-0.8213927646820881
86,-0.23477680716995106,14.07,6.0,-0.6246151877388615
98,-0.20543962381219671,9.149999999999999,13.0,-0.4802943856390659
104,-0.16586869026609558,9.05,12.0,-0.8410335754321843
112,-0.17631458805080732,14.07,6.0,-0.743335731797
