solID,perfQ,#changes,pas,reliability
0,-0.33170695659463495,15.079999999999998,9.0,-0.7616127229317357
5,-0.1715267184521357,12.43,10.0,-0.6033265319870282
8,-0.1312824026134586,12.27,6.0,-0.0825676812792786
12,-0.04496825306216267,4.89,11.0,-0.12641423714255784
16,-0.33170695659463495,15.079999999999998,9.0,-0.7616127229317357
20,-0.1715267184521357,12.43,10.0,-0.6033265319870282
36,-0.04496825306216267,4.89,11.0,-0.12641423714255784
52,-0.2501347865519986,7.35,13.0,-0.7634530733344934
54,-0.1312824026134586,12.27,6.0,-0.0825676812792786
64,-0.2501347865519986,7.35,13.0,-0.7634530733344934
70,-0.2671017415793142,10.16,12.0,-0.02489123903678958
72,-0.25623300711803754,10.28,12.0,-0.7753081169345621
82,-0.1715267184521357,12.43,10.0,-0.6033265319870282
90,-0.19017121463656125,14.16,5.0,-0.7772856947718421
94,-0.10012847473214374,14.07,5.0,-0.7772856947718421
104,-0.2342424878043201,8.01,13.0,-0.7635673919641734
