solID,perfQ,#changes,pas,reliability
1,-0.19286844531060515,8.01,12.0,-0.8200079662074206
2,-0.25120065437772027,13.940000000000001,5.0,-0.8820089595232576
3,-0.05608217878886324,6.34,13.0,-0.28906263371713775
9,-0.1476634413361491,10.95,11.0,0.18569185519173587
12,-0.08292667589763712,8.58,11.0,-0.0705026446278777
20,-0.05560968418783401,6.34,14.0,-0.9305406067570589
40,-0.25120065437772027,13.940000000000001,5.0,-0.8820089595232576
56,-0.05560968418783401,6.34,14.0,-0.9305406067570589
64,-0.05608217878886324,6.34,13.0,-0.28906263371713775
76,-0.25120065437772027,13.940000000000001,5.0,-0.8820089595232576
78,-0.08292667589763712,8.58,11.0,-0.0705026446278777
82,-0.05608217878886324,6.34,13.0,-0.28906263371713775
92,-0.19286844531060515,8.01,12.0,-0.8200079662074206
98,-0.05560968418783401,6.34,14.0,-0.9305406067570589
114,-0.05560968418783401,6.34,14.0,-0.9305406067570589
126,-0.1476634413361491,10.95,11.0,0.18569185519173587
