solID,perfQ,#changes,pas,reliability
0,-0.20526402648786318,12.620000000000001,15.0,-0.7628571350480219
1,-0.24056756519952677,15.080000000000002,7.0,-0.8610756892327354
4,-0.13107097926407035,7.0,13.0,0.20135603883210051
7,-0.2612440960890836,11.2,12.0,-0.7450616650765545
9,-0.04865511596620626,8.139999999999999,10.0,-0.6953148525947267
11,-0.09662238666649865,6.34,13.0,-0.009205184981053272
14,-0.18149160095611,9.15,13.0,-0.5294067438894418
18,-0.27655952128864775,15.080000000000002,9.0,-0.11295294538628907
24,-0.1371239268718293,8.139999999999999,12.0,-0.6953148525947267
28,-0.08504925640537982,3.91,13.0,-0.8207117855586359
32,-0.09662238666649865,6.34,13.0,-0.009205184981053272
36,-0.11900566293487244,7.82,10.0,-0.893230944153316
52,-0.17605165227652356,14.07,6.0,-0.9177228818258923
54,-0.0656041904200539,4.35,12.0,-0.88830074954727
62,-0.24056756519952677,15.080000000000002,7.0,-0.8610756892327354
68,-0.2610819523898022,10.19,12.0,-0.7451216337351528
