solID,perfQ,#changes,pas,reliability
4,-0.165707848678585,6.34,13.0,-0.48916089983001126
5,-0.22054248746987853,7.35,12.0,-0.035887015481058215
10,-0.14210980170490317,8.389999999999999,11.0,0.18734130620614675
13,-0.2498587616661842,10.19,12.0,-0.48411306945538796
24,-0.22054248746987853,7.35,12.0,-0.035887015481058215
36,-0.14734832387475746,5.36,13.0,-0.5269394294878251
52,-0.07385668446065692,7.0,11.0,-0.7720925302676176
56,-0.1843984854109232,9.149999999999999,10.0,-0.7486787015206275
68,-0.165707848678585,6.34,13.0,-0.48916089983001126
82,-0.1843984854109232,9.149999999999999,10.0,-0.7486787015206275
92,-0.24486408721620054,16.69,6.0,-0.4535200027541453
106,-0.22054248746987853,7.35,12.0,-0.035887015481058104
122,-0.026203554718407112,4.54,12.0,-0.5886528331767297
126,-0.2122194677035504,5.8999999999999995,12.0,-0.05365996592161859
128,-0.24486408721620054,16.69,6.0,-0.4535200027541453
132,-0.17529153455790597,15.68,6.0,-0.5098736651366473
