solID,perfQ,#changes,pas,reliability
1,-0.2677314900446254,15.170000000000002,6.0,-0.7311001706818628
9,-0.2518600931723592,10.38,11.0,-0.26949217374999135
10,-0.1836242158059882,9.15,12.0,-0.9086236002425756
12,-0.2428431896372638,11.2,12.0,-0.8081474124213006
14,-0.23323722574852987,9.24,12.0,-0.8353758203097323
28,-0.23323722574852987,9.24,12.0,-0.8353758203097323
66,-0.23323722574852987,9.24,12.0,-0.8353758203097323
11,-0.09929667666505337,8.3,11.0,-0.14892296219841733
78,-0.2677314900446254,15.170000000000002,6.0,-0.7311001706818628
90,-0.1837849573787625,10.82,11.0,-0.4510070805975977
92,-0.0662662436063274,6.5,11.0,-0.7279738656226247
96,-0.09929667666505337,8.3,11.0,-0.14892296219841733
108,-0.06232781496247449,5.99,12.0,-0.8866610849758362
112,-0.13148687069391793,7.3500000000000005,12.0,-0.917572779028403
118,-0.23323722574852987,9.24,12.0,-0.8353758203097323
126,-0.1836242158059882,9.15,12.0,-0.9086236002425756
