solID,perfQ,#changes,pas,reliability
0,-0.059865862803698565,8.14,11.0,-0.4592383847198993
6,-0.19566506840992687,8.01,13.0,-0.5281674720261795
9,-0.2375566767736717,15.899999999999999,12.0,-0.763086383988203
11,-0.1275515893010002,8.229999999999999,12.0,-0.8195935200182505
13,-0.20263069721626775,10.16,12.0,-0.8661662827676748
34,-0.19566506840992687,8.01,13.0,-0.5281674720261795
38,-0.19029589625311027,8.01,13.0,-0.8669699936387983
62,-0.19566506840992687,8.01,13.0,-0.5281674720261795
66,-0.20263069721626775,10.16,12.0,-0.8661662827676748
92,-0.16899373063508236,9.149999999999999,12.0,-0.8653901410117554
96,-0.19566506840992687,8.01,13.0,-0.5281674720261795
98,-0.20263069721626775,10.16,12.0,-0.8661662827676748
102,-0.19566506840992687,8.01,13.0,-0.5281674720261796
110,-0.19029589625311027,8.01,13.0,-0.8669699936387983
126,-0.1633390769641953,7.0,13.0,-0.8686817310557942
7,-0.1084428497906265,8.14,12.0,-0.6927583588698925
