solID,perfQ,#changes,pas,reliability
1,-0.06161437367562233,6.34,12.0,-0.7463767898859353
7,-0.1202578970202554,10.379999999999999,10.0,-0.570368423235856
11,-0.18506448295215222,8.01,12.0,-0.48876727182787766
14,-0.14192744375392016,6.5,11.0,-0.26482549613582107
28,-0.10198226949844771,10.379999999999999,10.0,-0.7488316682466722
32,-0.17843622067708798,10.379999999999999,13.0,-0.8225838742093753
40,-0.17285951985890885,8.139999999999999,13.0,-0.78598861941594
80,-0.18506448295215222,8.01,12.0,-0.48876727182787766
92,-0.10331738952944183,9.15,14.0,-0.8770654479411378
100,-0.10331738952944183,9.15,14.0,-0.8770654479411378
104,-0.17843622067708798,10.379999999999999,13.0,-0.8225838742093753
108,-0.10198226949844771,10.379999999999999,10.0,-0.7488316682466722
114,-0.17285951985890885,8.139999999999999,13.0,-0.78598861941594
118,-0.17003356142680887,7.16,12.0,-0.8054838789245335
128,-0.1202578970202554,10.379999999999999,10.0,-0.570368423235856
132,-0.06161437367562233,6.34,12.0,-0.7463767898859353
