solID,perfQ,#changes,pas,reliability
4,-0.1848932818745017,10.95,11.0,-0.6174412923577963
5,-0.3150981997039742,8.139999999999999,12.0,-0.7266001216650368
8,-0.0512896537549728,4.54,12.0,-0.47937467466183165
10,-0.031026160914888933,5.99,10.0,-0.7690230925175765
15,-0.11344567599860422,5.9,11.0,-0.06745792417987784
38,-0.22877889503379442,13.879999999999999,5.0,-0.6889179455967895
46,-0.255653772298,11.48,12.0,-0.7823749649409024
50,-0.2675244286917418,15.08,9.0,-0.7665695952485319
70,-0.2675244286917418,15.08,9.0,-0.7665695952485319
76,-0.18506163779190837,6.72,11.0,-0.053895078547877784
78,-0.18916222179169837,8.01,13.0,-0.8327768222100367
82,-0.05756690061076782,5.99,12.0,-0.723485920675025
86,-0.0512896537549728,4.54,12.0,-0.47937467466183165
114,-0.031026160914888933,5.99,10.0,-0.7690230925175765
118,-0.11376310638350381,5.9,11.0,-0.053895078547877784
134,-0.055758121160934246,7.95,13.0,-0.8721352533350918
