solID,perfQ,#changes,pas,reliability
1,-0.24615886155235248,11.48,13.0,-0.7650072307072174
2,-0.11615236598755721,8.229999999999999,11.0,-0.8165641581344105
12,-0.3151240651681678,9.97,14.0,-0.7527278500752054
22,-0.28063284830484475,14.889999999999999,6.0,-0.7624131208304095
26,-0.2387440224186494,15.39,12.0,-0.8192508250197494
28,-0.14851689813742278,9.15,12.0,-0.7341566963609119
42,-0.1875757698311389,8.36,13.0,-0.7626637755436404
66,-0.22000029212248165,12.62,11.0,-0.7625363531404662
72,-0.10103384703347697,10.379999999999999,10.0,-0.79232778077553
80,-0.28063284830484475,14.889999999999999,6.0,-0.7624131208304095
86,-0.28063284830484475,14.889999999999999,6.0,-0.7624131208304095
88,-0.2387440224186494,15.39,12.0,-0.8192508250197494
92,-0.1875757698311389,8.36,13.0,-0.7626637755436404
112,-0.31183742286727806,11.39,12.0,-0.7625363531404662
116,-0.14851689813742278,9.15,12.0,-0.7341566963609119
122,-0.24615886155235248,11.48,13.0,-0.7650072307072174
