solID,perfQ,#changes,pas,reliability
4,-0.0943934271225323,6.34,12.0,-0.035369970465558676
7,-0.12137111543811718,7.0,15.0,-0.8190855117706556
8,-0.21384394217520633,9.46,12.0,-0.819884468641708
9,-0.2061634240904053,7.51,13.0,-0.5265284253691366
11,-0.11342377556868535,9.27,11.0,-0.4963699059192785
14,-0.1466623085817925,8.17,12.0,-0.8332620874193062
36,-0.11072340560144378,8.39,11.0,-0.8899092800124632
44,-0.11342377556868535,9.27,11.0,-0.4963699059192785
0,-0.07294545908206164,6.6899999999999995,14.0,-0.11681320140505866
70,-0.11072340560144378,8.39,11.0,-0.8899092800124632
78,-0.11072340560144378,8.39,11.0,-0.8899092800124632
82,-0.21384394217520633,9.46,12.0,-0.819884468641708
86,-0.21384394217520633,9.46,12.0,-0.819884468641708
106,-0.11342377556868535,9.27,11.0,-0.49636990591927854
118,-0.21384394217520633,9.46,12.0,-0.819884468641708
120,-0.2061634240904053,7.51,13.0,-0.5265284253691366
