solID,perfQ,#changes,pas,reliability
1,-0.17246051073783647,10.95,11.0,-0.15918498443852563
2,-0.13096413133341908,8.139999999999999,12.0,-0.6061033352388299
8,-0.20803099586530113,12.93,5.0,-0.8207154651130083
14,-0.074302655960195,8.14,10.0,-0.03507425208726889
15,-0.17930214274665415,11.7,13.0,-0.4885288885483943
20,-0.17930214274665415,11.7,13.0,-0.4885288885483943
22,-0.20803099586530113,12.93,5.0,-0.8207154651130083
68,-0.04325150590086411,2.9,11.0,-0.8922527351760402
72,-0.12348915369000638,6.6899999999999995,13.0,-0.759291444162285
74,-0.13096413133341908,8.139999999999999,12.0,-0.6061033352388299
78,-0.13096413133341908,8.139999999999999,12.0,-0.60610333523883
82,-0.13096413133341908,8.139999999999999,12.0,-0.60610333523883
84,-0.12348915369000638,6.6899999999999995,13.0,-0.759291444162285
86,-0.07931492885026524,6.34,12.0,-0.7737051473060133
98,-0.17246051073783647,10.95,11.0,-0.15918498443852563
110,-0.20803099586530113,12.93,5.0,-0.8207154651130083
