solID,perfQ,#changes,pas,reliability
8,-0.1386195822420084,8.14,11.0,-0.26167802708789933
15,-0.1772693803336106,9.809999999999999,11.0,-0.11000569694944007
11,-0.17740972468376284,10.95,13.0,-0.7125967000391683
32,-0.18371642835356689,11.77,13.0,-0.8189340127917761
52,-0.17445799977449464,8.14,12.0,-0.8821468042449253
54,-0.2882734105925368,14.16,5.0,-0.7668613992741556
56,-0.105141492049122,8.17,10.0,-0.11024874093037962
74,-0.0702830442064247,4.35,12.0,-0.2481579147674997
82,-0.11980080722005149,9.969999999999999,12.0,-0.819440046370705
84,-0.18371642835356689,10.95,12.0,-0.8210682869240143
96,-0.22195166223331603,9.149999999999999,14.0,-0.762007481923917
100,-0.10887216884740135,7.0,11.0,-0.8160261431969088
112,-0.022805189074556333,4.54,12.0,-0.530839161455825
114,-0.023258385069189258,4.54,14.0,-0.539361152419025
118,-0.2660080724279691,10.41,12.0,-0.760742928824626
122,-0.18019551184915075,8.01,12.0,-0.7608240320474549
