solID,perfQ,#changes,pas,reliability
2,-0.26250803870988626,9.809999999999999,11.0,-0.05371058214599933
5,-0.05075780952470888,8.14,10.0,-0.4390396827478419
10,-0.1392356006450762,8.14,13.0,-0.9266499194741187
11,-0.08725323182159651,5.55,12.0,-0.763631068532368
15,-0.15041166309049486,9.15,12.0,-0.820161754710899
16,-0.09838258726067448,14.069999999999999,6.0,0.007858857395860341
38,-0.26250803870988626,9.809999999999999,11.0,-0.05371058214599944
42,-0.14278385163065233,8.96,13.0,-0.8357647782304836
72,-0.21932272932117838,17.54,12.0,-0.7305587525191899
84,-0.15041166309049486,9.15,12.0,-0.820161754710899
92,-0.0706456431554384,8.01,13.0,-0.763631068532368
100,-0.26250803870988626,9.809999999999999,11.0,-0.05371058214599944
106,-0.14278385163065233,8.96,13.0,-0.8357647782304836
108,-0.09821556722204246,11.419999999999998,10.0,-0.5844055954106575
112,-0.08725323182159651,5.55,12.0,-0.763631068532368
116,-0.1392356006450762,8.14,13.0,-0.9266499194741187
