solID,perfQ,#changes,pas,reliability
5,-0.1822169754053121,8.23,12.0,-0.8370215206234667
10,-0.04584320954169326,6.69,13.0,-0.45316058793752934
13,-0.2203513251010973,8.01,12.0,-0.8040329015281032
9,-0.0932377552571383,16.21,13.0,-0.7623102422322836
30,-0.17316553483918282,22.14,6.0,-0.763086383988203
46,-0.18270448579208806,12.62,19.0,-0.8368627760953535
48,-0.1822169754053121,8.23,12.0,-0.8370215206234667
60,-0.1698961105595119,8.23,10.0,-0.8659784971650191
72,-0.15982440089600966,8.01,12.0,-0.9295255898152772
6,-0.11005371763831333,7.51,12.0,-0.7623102422322836
22,-0.05903569015729581,7.699999999999999,12.0,-0.8452648261427522
80,-0.1698961105595119,8.23,10.0,-0.8659784971650191
84,-0.1822169754053121,8.23,12.0,-0.8370215206234667
102,-0.04584320954169326,6.69,13.0,-0.45316058793752934
116,-0.17665613121951046,16.4,6.0,-0.8622908326215472
126,-0.25068546909500766,23.28,10.0,-0.7302425019858547
