solID,perfQ,#changes,pas,reliability
4,-0.18451702089697278,8.96,14.0,-0.7555089982961417
8,-0.20201173559833227,9.4,12.0,-0.04896488394183163
10,-0.16554161587899172,9.15,13.0,-0.7699413409097602
15,-0.14096982576493658,10.16,13.0,-0.11321513486364085
24,-0.1767709623270859,9.02,13.0,-0.7628361902455391
32,-0.1215575330943848,7.0,12.0,-0.7599785928652689
50,-0.15292383690872416,8.14,12.0,-0.5761561004198936
52,-0.0900056143944459,11.92,11.0,-0.49311622525383164
84,-0.1307773896242861,8.01,13.0,-0.7554666786019377
90,-0.15292383690872416,8.14,12.0,-0.5761561004198936
92,-0.18451702089697278,8.96,14.0,-0.7555089982961417
96,-0.18879329817545093,7.0,13.0,-0.4966306043687836
100,-0.18451702089697278,8.96,14.0,-0.7555089982961417
108,-0.09404820141108085,5.99,12.0,-0.44863300797749917
112,-0.18451702089697278,8.96,14.0,-0.7555089982961417
122,-0.0900056143944459,11.92,11.0,-0.49311622525383164
