solID,perfQ,#changes,pas,reliability
0,-0.21716484022059995,9.459999999999999,12.0,-0.819884468641708
3,-0.15043726007040945,8.96,12.0,-0.8770654479411378
10,-0.2368101124085828,9.940000000000001,12.0,-0.7231520041255204
11,-0.13037915319386564,7.949999999999999,11.0,-0.5985463948704257
40,-0.2842434903958984,8.14,12.0,-0.7203498907184714
16,-0.046434338185610914,6.34,11.0,-0.6848924866329381
15,-0.18505966768452517,6.72,11.0,-0.053895078547877784
74,-0.2842434903958984,8.14,12.0,-0.7203498907184714
84,-0.3071304019315004,16.560000000000002,9.0,-0.053895078547877784
86,-0.2842434903958984,8.14,12.0,-0.7203498907184714
90,-0.2368101124085828,9.940000000000001,12.0,-0.7231520041255204
98,-0.21716484022059995,9.459999999999999,12.0,-0.819884468641708
106,-0.046434338185610914,6.34,11.0,-0.684892486632938
118,-0.046434338185610914,6.34,11.0,-0.684892486632938
128,-0.3043990922479178,13.940000000000001,5.0,-0.7660518514400301
130,-0.046434338185610914,6.34,11.0,-0.6848924866329381
