solID,perfQ,#changes,pas,reliability
2406,-0.21324111232138399,7.82,13.0,-0.6291046413219847
2488,-0.18877273391541902,9.05,12.0,-0.8932309441533162
2616,0.004368122816758994,7.0,4.0,-0.6274446503302439
2666,-0.17059428779319896,7.35,11.0,-0.12416691830324245
2804,-0.14859444816906411,7.16,10.0,-0.5748185213025578
2818,-0.19050144177329623,8.01,11.0,-0.8209563378029548
2846,-0.21192057101258857,11.2,11.0,-0.32695072161489797
2854,-0.10514237228837685,8.58,9.0,-0.3665748992515338
2870,-0.06606330435387384,6.15,9.0,-0.7727253504225577
2882,-0.06738406191599192,6.15,11.0,-0.9163209223989116
2898,-0.2225883935278335,13.280000000000001,8.0,-0.05164775970856228
2908,-0.04580793438030715,5.99,12.0,-0.8351028044732177
2918,-0.251549776874944,8.83,13.0,-0.8207117855586359
2926,-0.09486796709891966,7.0,11.0,-0.8461452189678085
2928,-0.23800124453004942,8.01,12.0,-0.8332427829356686
2956,-0.06606330435387384,6.15,9.0,-0.7727253504225577
