solID,perfQ,#changes,pas,reliability
2600,-0.2158974418522906,9.969999999999999,12.0,-0.17011252119946188
2656,-0.25249739718094305,8.83,13.0,-0.81973357658136
2752,-0.20910702661651057,6.81,13.0,-0.8932709797078517
2804,-0.0518983413535959,6.34,9.0,-0.5535879212026984
2808,-0.03599264085601624,5.99,11.0,-0.8933386794023365
2816,-0.11713863032070533,10.469999999999999,5.0,-0.8365322511615791
2836,-0.16628617466998538,15.68,11.0,-0.8456391853888796
2868,-0.13063460024461965,7.16,11.0,-0.8899092800124632
2890,-0.14451315581764246,7.510000000000001,12.0,-0.17011252119946177
2894,-0.12317852952621264,6.81,12.0,-0.9186643775624886
2896,-0.11114717323156553,4.54,12.0,-0.8365722867161148
2906,-0.08028980492681884,6.34,11.0,-0.5681334287612538
2908,-0.13195153988815547,6.15,11.0,-0.46089309680309926
2912,-0.298346715998783,13.75,6.0,-0.8356055425828832
2918,-0.16772960379783847,8.959999999999999,12.0,-0.16518232659341572
2922,-0.13195153988815547,6.15,11.0,-0.46089309680309926
