solID,perfQ,#changes,pas,reliability
2592,-0.18400788768414883,8.96,11.0,-0.7261864884706247
2740,-0.13532240845003812,12.27,5.0,-0.4946875615878777
2744,-0.26446570206313796,14.98,4.0,-0.48876727182787766
2768,-0.1780701467632011,6.34,13.0,-0.019607279466344107
2786,-0.14894414713320367,6.34,11.0,-0.6935106492111224
2790,-0.2685362220134509,14.89,5.0,-0.4885155033567896
2812,-0.1745436378404244,13.879999999999999,8.0,-0.7261864884706246
2834,-0.08585618892637181,6.1499999999999995,10.0,-0.46539946719029923
2846,-0.24137935195217133,14.069999999999999,5.0,-0.5262868595434695
2856,-0.14122120235817415,8.04,12.0,-0.8118222333633889
2884,-0.2673760862731943,14.889999999999999,9.0,-0.5267801938402248
2894,-0.2685339665788301,13.75,5.0,-0.48876727182787766
2898,-0.17280020778892946,7.16,11.0,-0.016995183030299343
2902,-0.16121770877631766,12.93,8.0,-0.5065523055558776
2904,-0.2734872819530197,17.439999999999998,8.0,-0.48876727182787766
2908,-0.09571489586074362,7.949999999999999,10.0,-0.7838118900410574
