solID,perfQ,#changes,pas,reliability
2712,-0.11376310638350381,4.26,11.0,-0.053895078547877784
2734,-0.1729701201600889,5.8999999999999995,10.0,-0.056860545999704803
2784,-0.14130610083586687,5.71,11.0,-0.4843048692678777
2798,-0.18713756974554283,6.81,12.0,-0.2516849399239799
2800,-0.1455113646179647,7.35,11.0,-0.7852323743722411
2810,-0.1871804659421601,7.35,10.0,-0.05553704792139169
2818,-0.12930759433926012,8.01,11.0,-0.7875758295358182
2826,-0.15023071132553767,9.15,10.0,-0.7875758295358182
2854,-0.12258462439538356,5.71,10.0,-0.5022993627078776
2858,-0.19597009057914772,7.95,10.0,-0.053895078547877784
2866,-0.18506163779190837,6.72,11.0,-0.05389507854787767
2872,-0.23195616987083117,7.0,14.0,-0.5253558017992443
2880,-0.1717970527535923,12.93,11.0,-0.7875758295358182
2884,-0.14737624812036196,5.71,11.0,0.18241111160010048
2892,-0.24219826400729105,8.36,10.0,-0.05537781227379135
2896,-0.1996493793343939,7.79,11.0,-0.7309286369426612
