solID,perfQ,#changes,pas,reliability
2440,-0.18489927741424053,6.37,12.0,-0.4887672718278777
2490,-0.20798807446077003,8.01,11.0,-0.4937934770118777
2684,-0.12402404045412484,6.59,10.0,-0.48383707722183167
2794,-0.23585222059879027,6.56,13.0,-0.7628401270665992
2802,-0.14211183592995563,6.59,11.0,-0.5218499992341787
2816,-0.18451702089697272,6.37,13.0,-0.7632456196358034
2832,-0.31354671669777595,10.25,13.0,-0.7628401270665992
2840,-0.2835141316266051,10.25,12.0,-0.03495015131587775
2842,-0.2807671403995581,13.94,8.0,-0.03495015131587775
2850,-0.2004474121566328,6.56,12.0,-0.03495015131587775
2852,-0.2435264665460013,8.01,13.0,-0.820465528637032
2860,-0.19209654782487848,6.56,14.0,-0.7628480007087197
2872,-0.1949289075258877,6.72,12.0,-0.053895078547877784
2892,-0.3316953043409075,13.94,9.0,-0.7628401270665992
2904,-0.11804838820556333,6.59,11.0,-0.814803381975314
2908,-0.2004474121566328,6.56,12.0,-0.03495015131587775
