solID,perfQ,#changes,pas,reliability
2588,-0.19041434917368152,7.6000000000000005,12.0,-0.7633607736142636
2722,-0.06257546854409073,3.25,12.0,-0.05416946817393831
2780,-0.32881659419074,14.98,9.0,-0.5267801938402248
2808,-0.13305310488790126,6.59,12.0,-0.7634336048875943
2842,-0.13617892091691572,6.94,10.0,-0.05416946817393831
2844,-0.2447241242359777,11.7,12.0,-0.02977377153393823
2848,-0.1787362303599535,6.78,12.0,-0.02977377153393823
2862,-0.17316553483918282,12.780000000000001,6.0,-0.08566178951676237
2866,-0.10175273971052753,8.83,5.0,-0.4887672718278777
2868,-0.17873042391870655,7.6000000000000005,11.0,-0.4843048692678777
2876,-0.056793726526348176,4.89,12.0,-0.05503060122993819
2886,-0.11764198065629629,5.14,11.0,-0.7633607736142636
2894,-0.10182248212815796,4.1,14.0,-0.7630779735782088
2898,-0.24710558083424766,12.71,9.0,-0.7628566617150522
2906,-0.04195732377285814,3.09,12.0,-0.48429645885788347
2910,-0.1787362303599535,6.78,12.0,-0.02977377153393823
