solID,perfQ,#changes,pas,reliability
2590,-0.24344175753095046,8.01,14.0,-0.4841661085334777
2676,-0.13412005153068854,5.359999999999999,12.0,-0.6919587156678777
2688,-0.19597023751744908,11.2,11.0,-0.4887672718278777
2702,-0.2500192525679182,12.209999999999999,13.0,-0.763086383988203
2724,-0.2689398242950513,11.29,12.0,-0.4843048692678777
2766,-0.11376310638350381,5.71,11.0,-0.4887672718278777
2784,-0.22331243819136956,5.55,13.0,-0.10201854050255788
2808,-0.23904898882763323,10.16,12.0,-0.762947623253803
2844,-0.19597009057914772,7.6,11.0,-0.4887672718278777
2866,-0.24608793423437145,9.84,13.0,-0.763086383988203
2880,-0.2741852779160171,11.39,11.0,-0.762947623253803
2882,-0.11602661232078319,3.09,13.0,-0.7553900688769746
2896,-0.08650482617114537,10.379999999999999,10.0,-0.5065523055558777
2900,-0.0940114054907769,10.379999999999999,10.0,-0.3606546094915338
2908,-0.22195166223331603,6.56,13.0,-0.762947623253803
2912,-0.2525605443572273,9.24,13.0,-0.4841661085334777
