solID,perfQ,#changes,pas,reliability
2722,-0.1747989023154892,12.739999999999998,5.0,-0.5451209342103797
2772,-0.27434400787520913,8.14,14.0,-0.7753106562872043
2784,-0.18146434529511923,15.2,7.0,-0.5451209342103797
2790,-0.16974791349775145,7.0,11.0,-0.49412452082241337
2794,-0.18506448295215222,6.72,11.0,-0.053895078547877784
2812,-0.2291821114009996,7.819999999999999,12.0,-0.24799867911989942
2824,-0.25619856527464585,8.17,11.0,-0.05393511410241336
2864,-0.2660578695228072,8.83,13.0,-0.48430486926787764
2872,-0.2022807673454726,8.01,11.0,-0.4940844852678777
2886,-0.12490840303500247,6.81,12.0,-0.7455233764503796
2890,-0.20956055293934334,7.819999999999999,12.0,-0.4835287275119582
2894,-0.33112101274439426,9.59,11.0,-0.053648821626273935
2908,-0.11380091689636636,7.16,11.0,-0.5427774790468025
2914,-0.24434466329096713,6.34,14.0,-0.7737051473060133
2916,-0.1972122999897389,8.17,10.0,-0.4946875615878777
2928,-0.12490840303500247,6.81,12.0,-0.7455233764503796
