solID,perfQ,#changes,pas,reliability
2648,-0.24507837627363752,13.190000000000001,12.0,-0.052474840036010814
2656,-0.11992054076314664,5.36,12.0,-0.5844055954106576
2714,-0.17175551228815017,6.56,13.0,-0.7580590256463344
2738,-0.010948001997807905,3.09,11.0,-0.6274971251975312
2744,-0.24834777645452538,16.880000000000003,7.0,-0.05247484003601084
2756,-0.08353642346650135,10.469999999999999,5.0,-0.6274971251975312
2760,-0.21478036213946577,7.82,12.0,-0.5844055954106576
2840,-0.1913741854277482,7.0,12.0,-0.5844203136281473
2848,-0.13432229002468046,5.36,12.0,-0.24799867911989942
2882,-0.08353642346650135,9.02,6.0,-0.5698717236270983
2884,-0.09617543798795324,7.0,12.0,-0.8548749078025126
2894,-0.17175823690943484,7.7,13.0,-0.7578072571752463
2900,-0.08909045172958661,5.8999999999999995,11.0,-0.04886772020600916
2906,-0.0329058926709298,4.54,11.0,-0.622566930591485
2910,-0.17316553487385425,11.29,5.0,-0.8207117855586359
2914,-0.0329058926709298,4.54,11.0,-0.622566930591485
