solID,perfQ,#changes,pas,reliability
4,-0.28046868267967107,16.88,9.0,-0.7620482802482954
6,-0.024089856460635,2.9,12.0,-0.8770654479411378
8,-0.0963368819630722,7.0,11.0,-0.047820039014236815
11,-0.1302037927137251,7.35,12.0,-0.8317725676853007
30,-0.11058187745511765,7.0,13.0,-0.8919883688775593
43,-0.024089856460635,2.9,12.0,-0.8770654479411378
47,-0.024089856460635,2.9,12.0,-0.8770654479411378
51,-0.0963368819630722,7.0,11.0,-0.047820039014236815
53,-0.0963368819630722,7.0,11.0,-0.047820039014236815
54,-0.28046868267967107,16.88,9.0,-0.7620482802482954
55,-0.1302037927137251,7.35,12.0,-0.8317725676853007
58,-0.11058187745511765,7.0,13.0,-0.8919883688775593
60,-0.11058187745511765,7.0,13.0,-0.8919883688775593
65,-0.024089856460635,2.9,12.0,-0.8770654479411378
72,-0.11058187745511765,7.0,13.0,-0.8919883688775593
73,-0.1302037927137251,7.35,12.0,-0.8317725676853007
