solID,perfQ,#changes,pas,reliability
8,-0.1904028498088282,12.18,11.0,-0.8758893302488963
13,-0.045990770781297936,6.34,9.0,-0.11727745791500033
15,-0.08276210222148606,4.54,12.0,-0.8223537549321498
18,-0.16632332511665762,9.24,11.0,-0.8763953638278251
22,-0.25034505621942604,15.68,6.0,-0.8252356325339548
35,-0.26515817555995,6.34,12.0,-0.05022739073129301
40,-0.31484603821814605,10.98,14.0,-0.7517937500387987
45,-0.08276210222148606,4.54,12.0,-0.8223537549321498
48,-0.16632332511665762,9.24,11.0,-0.8763953638278251
52,-0.16632332511665762,9.24,11.0,-0.8763953638278251
53,-0.1904028498088282,12.18,11.0,-0.8758893302488963
56,-0.26515817555995,6.34,12.0,-0.05022739073129301
57,-0.26515817555995,6.34,12.0,-0.05022739073129301
59,-0.08957114789370214,4.54,13.0,-0.8208626776189839
63,-0.045990770781297936,6.34,9.0,-0.11727745791500033
70,-0.045990770781297936,6.34,9.0,-0.11727745791500033
