solID,perfQ,#changes,pas,reliability
13,-0.2935952198466278,11.61,13.0,-0.1139289059720133
16,-0.10953310763466642,5.99,11.0,-0.7617594497522214
34,-0.18053608105474964,8.01,12.0,0.16131857151302087
52,-0.18053608105474964,8.01,12.0,0.16131857151302087
57,-0.18053608105474964,8.01,12.0,0.16131857151302087
61,-0.21685846058588698,9.27,11.0,-0.8410736109867198
65,-0.21540362861121112,8.23,14.0,-0.7223451163605631
71,-0.2935952198466278,11.61,13.0,-0.1139289059720133
74,-0.2935952198466278,11.61,13.0,-0.1139289059720133
81,-0.18236120731757238,8.36,10.0,-0.045182329747877725
82,-0.2936066766182753,8.14,14.0,-0.11394195125353855
94,-0.16880966397291433,6.56,12.0,-0.045182329747877725
98,-0.10953310763466642,5.99,11.0,-0.7617594497522214
103,-0.10953310763466642,5.99,11.0,-0.7617594497522214
56,-0.12221948003476735,7.0,11.0,-0.5027036127133383
75,-0.12221948003476735,7.0,11.0,-0.5027036127133383
