solID,perfQ,#changes,pas,reliability
2,-0.09549694742925105,7.0,11.0,-0.876087238963862
7,-0.27122648195396776,11.86,11.0,-0.05393511410241347
8,-0.22444437616761315,17.54,13.0,-0.7532764837647122
12,-0.05855463775546222,8.14,9.0,-0.5836527637178576
16,-0.05855463775546222,8.14,9.0,-0.5836527637178576
17,-0.27122648195396776,11.86,11.0,-0.05393511410241347
26,-0.09549694742925105,7.0,11.0,-0.876087238963862
27,-0.27122648195396776,11.86,11.0,-0.05393511410241347
34,-0.16935498925896894,10.469999999999999,7.0,-0.758156189382157
35,-0.22444437616761315,17.54,13.0,-0.7532764837647122
39,-0.05855463775546222,8.14,9.0,-0.5836527637178576
46,-0.05855463775546222,8.14,9.0,-0.5836527637178576
47,-0.08617987144823593,4.54,13.0,-0.814509851764659
54,-0.05855463775546222,8.14,9.0,-0.5836527637178576
56,-0.09549694742925105,7.0,11.0,-0.876087238963862
57,-0.05855463775546222,8.14,9.0,-0.5836527637178576
