solID,perfQ,#changes,pas,reliability
1,-0.0969447733530151,9.459999999999999,12.0,-0.8168632024070518
2,-0.3006230503732442,14.979999999999999,5.0,-0.5565854827273045
13,-0.18927485790925122,8.139999999999999,14.0,-0.7883489115322578
21,-0.3006230503732442,14.979999999999999,5.0,-0.5565854827273045
24,-0.0969447733530151,9.459999999999999,12.0,-0.8168632024070518
28,-0.3006230503732442,14.979999999999999,5.0,-0.5565854827273045
46,-0.3006230503732442,14.979999999999999,5.0,-0.5565854827273045
50,-0.0969447733530151,9.459999999999999,12.0,-0.8168632024070518
51,-0.0969447733530151,9.459999999999999,12.0,-0.8168632024070518
52,-0.126711610640808,9.94,11.0,-0.8114234869641694
56,-0.3006230503732442,14.979999999999999,5.0,-0.5565854827273045
57,-0.0969447733530151,9.459999999999999,12.0,-0.8168632024070518
60,-0.3006230503732442,14.979999999999999,5.0,-0.5565854827273045
61,-0.0969447733530151,9.459999999999999,12.0,-0.8168632024070518
63,-0.27145039731088444,14.979999999999999,5.0,-0.5565854827273046
72,-0.18927485790925122,8.139999999999999,14.0,-0.7883489115322578
