solID,perfQ,#changes,pas,reliability
8,-0.09445528944256167,8.229999999999999,11.0,-0.8410335754321843
29,-0.09125058681069402,4.54,12.0,-0.8129397292732362
49,-0.09445528944256167,8.229999999999999,11.0,-0.8410335754321843
55,-0.09445528944256167,8.229999999999999,11.0,-0.8410335754321843
7,-0.24486403560111647,10.47,12.0,-0.8189572948090944
21,-0.24486403560111647,10.47,12.0,-0.8189572948090944
32,-0.24486403560111647,10.47,12.0,-0.8189572948090944
45,-0.24486403560111647,10.47,12.0,-0.8189572948090944
74,-0.21706890133135787,14.51,9.0,-0.7592445365941001
76,-0.09125058681069402,4.54,12.0,-0.8129397292732362
84,-0.1945830600864961,8.01,12.0,-0.8189572948090944
85,-0.21900584892393873,18.009999999999998,9.0,-0.8332620874193062
93,-0.3009798357116729,11.7,11.0,-0.8189572948090944
98,-0.24486403560111647,10.47,12.0,-0.8189572948090944
