solID,perfQ,#changes,pas,reliability
1,-0.19740720622547753,12.93,4.0,-0.8298359194065719
2,-0.09991761157399137,5.55,13.0,-0.5550681570308306
4,-0.0966702288019199,5.99,12.0,0.12348986778506854
8,-0.251549776874944,11.77,13.0,-0.820205751979707
9,-0.026796107443821143,6.34,12.0,-0.8195872632116367
12,-0.2524784990675936,16.310000000000002,5.0,-0.6404379370229898
21,-0.2467041202900798,12.739999999999998,9.0,-0.5270545834662852
36,-0.19740720622547753,12.93,4.0,-0.8298359194065719
40,-0.026796107443821143,6.34,12.0,-0.8195872632116367
44,-0.12188674130672239,7.35,12.0,-0.8195872632116367
45,-0.09150344475396932,6.34,12.0,-0.017984591274917694
52,-0.12188674130672239,7.35,12.0,-0.8195872632116367
53,-0.026796107443821143,6.34,12.0,-0.8195872632116367
57,-0.0966702288019199,5.99,12.0,0.12348986778506854
61,-0.2467041202900798,12.739999999999998,9.0,-0.5270545834662852
64,-0.19740720622547753,12.93,4.0,-0.8298359194065719
