solID,perfQ,#changes,pas,reliability
8,-0.17241183707446964,10.98,14.0,-0.762834615517115
13,-0.25363572518124056,16.21,12.0,-0.8356055425828832
14,-0.12489181053873678,12.43,7.0,-0.7253123073798087
15,-0.10517147191913365,8.58,8.0,-0.3741867003715338
20,-0.10517147191913365,8.58,8.0,-0.3741867003715338
26,-0.25363572518124056,16.21,12.0,-0.8356055425828832
27,-0.3232014675490244,8.23,12.0,-0.5130793256788503
34,-0.25363572518124056,16.21,12.0,-0.8356055425828832
36,-0.25363572518124056,16.21,12.0,-0.8356055425828832
41,-0.12489181053873678,12.43,7.0,-0.7253123073798087
44,-0.12489181053873678,12.43,7.0,-0.7253123073798087
49,-0.25363572518124056,16.21,12.0,-0.8356055425828832
53,-0.12489181053873678,12.43,7.0,-0.7253123073798087
56,-0.17241183707446964,10.98,14.0,-0.762834615517115
60,-0.18692149714261408,12.739999999999998,12.0,-0.8410335754321843
68,-0.0705281384874511,6.34,12.0,-0.4840751469947268
