solID,perfQ,#changes,pas,reliability
1,-0.1787254959130993,5.71,12.0,-0.12641423714255795
4,-0.04302757742933355,6.15,11.0,-0.8084884827108455
8,-0.10892435970535119,12.43,4.0,-0.7632456196358034
23,-0.24457833000250956,20.82,8.0,-0.7302425019858547
36,-0.04302757742933355,6.15,11.0,-0.8084884827108455
48,-0.17316553483918282,18.36,4.0,-0.763086383988203
49,-0.04302757742933355,6.15,11.0,-0.8084884827108455
52,-0.20304287209905839,11.39,15.0,-0.7076321282020258
53,-0.10892435970535119,12.43,4.0,-0.7632456196358034
57,-0.24457833000250956,20.82,8.0,-0.7302425019858547
64,-0.2536115301971021,15.080000000000002,5.0,-0.7076321282020258
65,-0.2536115301971021,15.080000000000002,5.0,-0.7076321282020258
66,-0.05558932731081005,4.35,12.0,-0.6544580272609427
67,-0.24457833000250956,20.82,8.0,-0.7302425019858547
68,-0.04302757742933355,6.15,11.0,-0.8084884827108455
69,-0.20297789062675872,14.889999999999999,8.0,-0.8208291539519699
