solID,perfQ,#changes,pas,reliability
2,-0.07430530510315593,6.69,10.0,-0.738072505754349
5,-0.06331120577362871,4.7,13.0,-0.05416946817393831
14,-0.18882997386569095,7.0,13.0,-0.893502664083252
25,-0.06331120577362871,4.7,13.0,-0.05416946817393831
28,-0.06331120577362871,4.7,13.0,-0.05416946817393831
33,-0.07430530510315593,6.69,10.0,-0.738072505754349
36,-0.15977021499633576,12.43,12.0,-0.8081474124213006
41,-0.08654177449763446,4.89,14.0,0.04981819961166056
45,-0.15977021499633576,12.43,12.0,-0.8081474124213006
48,-0.1564703722422025,12.43,12.0,-0.8094191516092315
52,-0.22562751881847504,15.39,12.0,-0.499908826708179
60,-0.15977021499633576,12.43,12.0,-0.8081474124213006
61,-0.07430530510315593,6.69,10.0,-0.738072505754349
67,-0.18882997386569095,7.0,13.0,-0.893502664083252
70,-0.07430530510315593,6.69,10.0,-0.738072505754349
72,-0.15977021499633576,12.43,12.0,-0.8081474124213006
