solID,perfQ,#changes,pas,reliability
2,-0.0993699213104943,8.58,13.0,-0.8319234001261477
3,-0.22897266060621652,13.280000000000001,6.0,-0.7622256625505396
6,-0.19767159358051384,7.95,12.0,0.1656951246864818
9,-0.2516403649076516,9.46,13.0,-0.7632690396035585
10,-0.06256214821403791,8.139999999999999,9.0,-0.2477814033182993
20,-0.05649457201593598,4.89,13.0,-0.8319234001261477
31,-0.06256214821403791,8.139999999999999,9.0,-0.2477814033182993
38,-0.06256214821403791,8.139999999999999,9.0,-0.2477814033182993
39,-0.22897266060621652,13.280000000000001,6.0,-0.7622256625505396
51,-0.2516403649076516,9.46,13.0,-0.7632690396035585
54,-0.05649457201593598,4.89,13.0,-0.8319234001261477
55,-0.22897266060621652,13.280000000000001,6.0,-0.7622256625505396
59,-0.03163643105195666,6.69,9.0,-0.2955526114667729
62,-0.06256214821403791,8.139999999999999,9.0,-0.2477814033182993
66,-0.25830124471476806,10.280000000000001,13.0,-0.7632730481283015
70,-0.0993699213104943,8.58,13.0,-0.8319234001261477
