solID,perfQ,#changes,pas,reliability
0,-0.05023449563773701,6.34,10.0,-0.4973691681018316
3,-0.20672389692895132,13.09,5.0,-0.4946875615878777
11,-0.10210093443480692,11.92,11.0,-0.919103573429837
14,-0.12754182049205953,7.0,13.0,-0.7634336048875943
18,-0.10210093443480692,11.92,11.0,-0.919103573429837
26,-0.12754182049205953,7.0,13.0,-0.7634336048875943
27,-0.12489210020255483,12.270000000000001,7.0,-0.07802812458183161
30,-0.10210093443480692,11.92,11.0,-0.919103573429837
34,-0.10210093443480692,11.92,11.0,-0.919103573429837
35,-0.10210093443480692,11.92,11.0,-0.919103573429837
38,-0.05023449563773701,6.34,10.0,-0.4973691681018316
22,-0.04951298761303472,6.69,11.0,-0.5802229231907722
45,-0.12754182049205953,7.0,13.0,-0.7634336048875943
48,-0.10210093443480692,11.92,11.0,-0.919103573429837
76,-0.18326984431898005,9.27,12.0,-0.5844456309651932
77,-0.05023449563773701,6.34,10.0,-0.4973691681018316
