solID,perfQ,#changes,pas,reliability
12,-0.33143722803658654,10.469999999999999,8.0,-0.8208697005381768
15,-0.2066065666831153,14.07,5.0,-0.7630365845965846
17,-0.12291332042805656,7.16,13.0,-0.47937467466183165
25,-0.3142181336949834,9.15,13.0,-0.526704226447674
28,-0.3142181336949834,9.15,13.0,-0.526704226447674
43,-0.3142181336949834,9.15,13.0,-0.526704226447674
78,-0.33143722803658654,10.469999999999999,8.0,-0.8208697005381768
83,-0.2066065666831153,14.07,5.0,-0.7630365845965846
85,-0.05126715178650311,4.35,11.0,-0.8277687678073276
98,-0.12185283027784012,7.35,10.0,-0.0361221281073173
