solID,perfQ,#changes,pas,reliability
0,-0.10975922249092711,8.139999999999999,11.0,-0.8463326463640687
1,-0.16849449294040295,8.36,13.0,-0.059826013451531934
2,-0.25572780818450125,9.46,13.0,-0.8311057186742392
3,-0.018745669741524095,6.6899999999999995,12.0,-0.7312594063294632
4,-0.24723070699878175,12.620000000000001,6.0,-0.7398883293860526
24,-0.16849449294040295,8.36,13.0,-0.059826013451531934
29,-0.16849449294040295,8.36,13.0,-0.059826013451531934
36,-0.018745669741524095,6.6899999999999995,12.0,-0.7312594063294632
41,-0.19860628626945206,11.73,4.0,-0.8461852545223442
44,-0.10975922249092711,8.139999999999999,11.0,-0.8463326463640687
47,-0.24723070699878175,12.620000000000001,6.0,-0.7398883293860526
49,-0.16849449294040295,8.36,13.0,-0.059826013451531934
52,-0.018745669741524095,6.6899999999999995,12.0,-0.7312594063294632
53,-0.10975922249092711,8.139999999999999,11.0,-0.8463326463640687
56,-0.018745669741524095,6.6899999999999995,12.0,-0.7312594063294632
60,-0.018745669741524095,6.6899999999999995,12.0,-0.7312594063294632
