solID,perfQ,#changes,pas,reliability
2,-0.12635363219242474,7.95,12.0,-0.9163909777261864
5,-0.05612099328417924,4.35,11.0,-0.7875247092678775
6,-0.09865426565947351,9.94,8.0,-0.8387394481580509
13,-0.15817283833329188,20.0,12.0,-0.7637920873184056
17,-0.05612099328417924,4.35,11.0,-0.7875247092678775
33,-0.19522157287451053,10.47,11.0,-0.6190388433166661
36,-0.12635363219242474,7.95,12.0,-0.9163909777261864
40,-0.11388263901464517,6.8100000000000005,13.0,-0.893230944153316
41,-0.19522157287451053,10.47,11.0,-0.6190388433166661
44,-0.12635363219242474,7.95,12.0,-0.9163909777261864
45,-0.12723296978754292,8.14,11.0,-0.8588736179005657
48,-0.20910459153419497,10.82,11.0,0.14679965471681622
53,-0.19522157287451053,10.47,11.0,-0.6190388433166661
70,-0.13796949198494138,7.95,13.0,-0.8929791756822281
71,-0.15817283833329188,20.0,12.0,-0.7637920873184056
78,-0.05612099328417924,4.35,11.0,-0.7875247092678775
