solID,perfQ,#changes,pas,reliability
2,-0.07646276365836302,7.95,12.0,0.012674651864910458
5,-0.035648256853539416,7.95,12.0,-0.3290074198267029
11,-0.19572271471194275,6.56,14.0,-0.32417355291382965
15,-0.14320882052726708,13.280000000000001,4.0,-0.851413309055083
33,-0.19572271471194275,6.56,14.0,-0.32417355291382965
49,-0.07049665768678584,6.5,12.0,-0.2524610816798994
52,-0.2803190177970397,15.330000000000002,9.0,-0.760742928824626
64,-0.04595632072276401,4.54,11.0,-0.2539949762539794
68,-0.19572271471194275,6.56,14.0,-0.32417355291382965
81,-0.2803190177970397,15.330000000000002,9.0,-0.760742928824626
93,-0.19572271471194275,6.56,14.0,-0.32417355291382965
96,-0.035648256853539416,7.95,12.0,-0.3290074198267029
14,-0.23581347710206485,12.93,13.0,-0.7619585031853755
28,-0.23581347710206485,12.93,13.0,-0.7619585031853755
40,-0.23581347710206485,12.93,13.0,-0.7619585031853755
56,-0.23581347710206485,12.93,13.0,-0.7619585031853755
