solID,perfQ,#changes,pas,reliability
5570,-0.26076248820514647,11.919999999999998,5.0,-0.8202145845573304
5652,-0.12157490124090241,5.99,10.0,-0.6294991652152003
5660,-0.25802889632355835,7.0,13.0,-0.763326886790369
5678,-0.18305837273630415,8.23,11.0,-0.5728519726220433
5680,-0.25802889632355835,7.0,13.0,-0.763326886790369
5698,-0.2700169617020171,12.739999999999998,5.0,-0.8197736121358957
5706,-0.2700169617020171,12.739999999999998,5.0,-0.8197736121358957
5716,-0.16184199029473542,5.8,13.0,-0.8877529112673962
5724,-0.16184199029473542,5.8,13.0,-0.8877529112673962
5728,-0.26076248820514647,11.919999999999998,5.0,-0.8202145845573304
5734,-0.1180053871181135,5.99,11.0,-0.6223590956254107
5744,-0.2700169617020171,12.739999999999998,5.0,-0.8197736121358957
5746,-0.18305837273630415,8.23,11.0,-0.5728519726220433
5756,-0.2046483250496612,6.8100000000000005,13.0,-0.7408136096389986
5760,-0.16184199029473542,5.8,13.0,-0.8877529112673962
5770,-0.14552751464011981,5.8,13.0,-0.8168099677984836
