solID,perfQ,#changes,pas,reliability
5582,-0.2092573353432863,7.82,13.0,-0.893230944153316
5610,-0.22877889503379442,12.739999999999998,5.0,-0.6955445748678776
5644,-0.28855827583872784,14.979999999999999,4.0,-0.8207117855586359
5652,-0.28855827583872784,14.979999999999999,4.0,-0.8207117855586359
5656,-0.28855827583872784,14.979999999999999,4.0,-0.8207117855586359
5662,-0.28855827583872784,14.979999999999999,4.0,-0.8207117855586359
5670,-0.22877889503379442,12.739999999999998,5.0,-0.6955445748678776
5676,-0.22877889503379442,12.739999999999998,5.0,-0.6955445748678776
5684,-0.19305928808410097,13.969999999999999,4.0,-0.6955445748678776
5702,-0.26446570206313796,14.979999999999999,4.0,-0.8207117855586359
5710,-0.22877889503379442,12.739999999999998,5.0,-0.6955445748678776
5716,-0.22877889503379442,12.739999999999998,5.0,-0.6955445748678776
5718,-0.22877889503379442,12.739999999999998,5.0,-0.6955445748678776
5722,-0.22877889503379442,12.739999999999998,5.0,-0.6955445748678776
5734,-0.19305928808410097,13.969999999999999,4.0,-0.6955445748678776
5738,-0.28855827583872784,14.979999999999999,4.0,-0.8207117855586359
