solID,perfQ,#changes,pas,reliability
5482,-0.19886377201008074,12.93,8.0,-0.7342802388724334
5490,-0.23705471699871103,13.280000000000001,9.0,-0.04286188387266843
5524,-0.20146082235401025,12.27,8.0,-0.02508893343210794
5582,-0.16953073864302257,11.92,8.0,-0.7379137905712381
5592,-0.20520155506937585,12.93,9.0,-0.7556867410117986
5606,-0.21025732680855969,12.93,9.0,-0.7343426374470384
5624,-0.1631335387242902,11.92,5.0,-0.7909274314655903
5686,-0.20520155506937585,12.93,9.0,-0.7556867410117986
5694,-0.16953073864302257,11.92,8.0,-0.7379137905712381
5710,-0.2405616975340948,15.08,9.0,-0.1024321339310955
5714,-0.1988639666536938,15.08,9.0,-0.25829212536925583
5722,-0.29738688359812865,15.17,9.0,-0.7520531893129938
5726,-0.20520155506937585,12.93,9.0,-0.7556867410117986
5734,-0.29738688359812865,15.17,9.0,-0.7520531893129938
5738,-0.23705471699871103,13.280000000000001,9.0,-0.04286188387266843
5746,-0.22944876399400446,15.08,9.0,-0.7520531893129938
