solID,perfQ,#changes,pas,reliability
2766,-0.19995384554013804,11.42,11.0,-0.8496662945724368
2774,-0.14605991444252783,6.34,13.0,-0.12301555204151593
2782,-0.27727207710494794,14.23,12.0,-0.8350995090039544
2818,-0.1588805288127245,7.35,12.0,-0.44381472543238065
2836,-0.12868193227213556,11.42,11.0,-0.8609589285218412
2856,-0.07540206983390062,6.34,10.0,-0.4691681113713386
2868,-0.17698483242627847,8.96,11.0,-0.7310463998434247
2872,-0.10789578181724091,6.15,12.0,-0.6001719072415158
2884,-0.13959691872426686,7.0,11.0,-0.8410335754321843
2892,-0.21397839019438167,9.149999999999999,12.0,-0.3811672182213748
2898,-0.17144044135848935,7.16,12.0,-0.15176762308151592
2906,-0.13419030054951117,7.0,12.0,-0.8818233966771262
2910,-0.19288578176774737,7.35,14.0,-0.09766216610255785
2916,-0.0603325421650945,5.8,11.0,-0.8402574336762647
2920,-0.225240828287791,10.760000000000002,13.0,-0.8252356325339548
2924,-0.11767981463261852,10.28,8.0,-0.7743752788836844
