solID,perfQ,#changes,pas,reliability
2610,-0.27016492469569464,13.75,5.0,-0.81973357658136
2782,-0.09456977865673732,9.15,10.0,-0.8214943527404567
2790,-0.23775280297833504,11.2,11.0,-0.5267801938402248
2794,-0.27751412460351593,14.669999999999998,11.0,-0.763086383988203
2826,-0.2772701111892533,10.280000000000001,12.0,-0.8357622388778415
2848,-0.19562464671642305,12.93,5.0,-0.8214943527404567
2860,-0.22377256613503688,10.280000000000001,11.0,-0.8609589285218412
2864,-0.23053651458325297,11.729999999999999,5.0,-0.6919987512224133
2872,-0.1187388913917223,4.54,12.0,-0.8370328563233738
2880,-0.27727016510332275,11.29,12.0,-0.8356055425828832
2884,-0.2052747653507298,6.8100000000000005,13.0,-0.6919987512224133
2892,-0.10516426864280144,10.38,9.0,-0.8214943527404567
2896,-0.20979439914805614,7.0,12.0,-0.8370328563233738
2900,-0.2700169617020171,12.739999999999998,5.0,-0.8197736121358957
2904,-0.2498712636614944,10.06,13.0,-0.7631264195427387
2906,-0.19562464671642305,12.93,5.0,-0.8214943527404567
