solID,perfQ,#changes,pas,reliability
2652,-0.195892523986854,6.37,13.0,-0.758156189382157
2692,-0.15814588500507917,4.35,13.0,-0.5222803699315808
2756,-0.1887785523674432,7.6000000000000005,11.0,-0.8207117855586359
2786,-0.09327440175640468,6.59,11.0,-0.893230944153316
2792,-0.12025405724038608,5.55,13.0,-0.7618911691135739
2822,-0.1637349149438527,4.54,13.0,-0.7353895590872961
2826,-0.10490315296924073,6.59,10.0,-0.8327768222100367
2830,-0.11199658355787377,6.59,10.0,-0.6975481025478776
2838,-0.12158685044546035,6.81,11.0,-0.5008723440338142
2848,-0.14028339580703958,6.1499999999999995,13.0,-0.750903818219579
2858,-0.09327534688014426,5.14,11.0,-0.8207117855586359
2862,-0.21191736272874093,7.16,13.0,-0.7353895590872961
2866,-0.14553748339601583,6.81,12.0,-0.7233667205819604
2870,-0.17371249235984149,6.56,13.0,-0.8622908326215472
2878,-0.11160144298518812,6.78,11.0,-0.91991623419198
2884,-0.12025405724038608,5.55,13.0,-0.7618911691135739
