solID,perfQ,#changes,pas,reliability
2410,-0.2563281209091882,8.01,14.0,-0.08601192256782307
2692,-0.20790293576082788,7.0,14.0,-0.08620128572198325
2714,-0.10295445763384306,9.459999999999999,10.0,-0.4819373137419382
2724,-0.1751503425668892,11.39,9.0,-0.803876205233145
2732,-0.24354901641083662,8.83,14.0,-0.7632430802831613
2796,-0.1545229146433617,8.01,11.0,-0.8390255828522833
2824,-0.07994590298447048,9.459999999999999,8.0,-0.4937279607672786
2860,-0.26136503169066755,9.969999999999999,12.0,-0.7631264195427387
2870,-0.06888323690554657,8.01,10.0,-0.4816629241158777
2886,-0.16554838937587593,10.16,14.0,-0.803876205233145
2900,-0.2613746705782662,10.98,12.0,-0.763086383988203
2904,-0.15876208784501872,8.36,10.0,-0.03863687721187781
2908,-0.08372840987525032,9.459999999999999,10.0,-0.6858229121478776
2914,-0.2249131038699049,10.25,12.0,-0.803876205233145
2916,-0.22035137221205942,10.16,12.0,-0.8026610618443332
2920,-0.2613746705782662,10.98,12.0,-0.763086383988203
