solID,perfQ,#changes,pas,reliability
2804,-0.26853390718084874,13.440000000000001,6.0,-0.7618712405993913
2812,-0.29373078723285845,15.24,13.0,-0.08566178951676248
2820,-0.1550579653611691,7.95,11.0,-0.7797221091494936
2840,-0.15933294710705956,8.83,12.0,-0.8207117855586359
2842,-0.14177569628399264,6.78,11.0,-0.4893902695878777
2860,-0.09778372433980309,11.919999999999998,4.0,-0.5873271184013817
2866,-0.09972292309540857,6.15,11.0,-0.7776304224570046
2888,-0.17373469636859337,8.83,12.0,-0.4843048692678777
2916,-0.13571768135336162,4.54,12.0,0.014616691452900565
2924,-0.208931318257666,11.29,6.0,-0.7633607736142636
2930,-0.1091903007463372,6.94,11.0,-0.8183683303950589
2934,-0.1185122524431806,6.5,11.0,-0.8026870666469873
2936,-0.11919093729173842,5.55,12.0,-0.8348429842210523
2942,-0.262365712959785,13.94,7.0,-0.8484412613320225
2956,-0.18877358054301321,10.54,11.0,-0.820205751979707
2958,-0.23461366538496192,11.29,9.0,-0.5267801938402247
