solID,perfQ,#changes,pas,reliability
2288,-0.2620198765153256,7.0,14.0,-0.48412110320706053
2478,-0.21260220069654165,8.959999999999999,12.0,-0.6889179455967895
2492,-0.18967764463807527,8.229999999999999,10.0,-0.2986103173648977
2496,-0.11824288768291423,4.35,11.0,-0.832933518504995
2536,-0.13225315828953482,4.54,11.0,-0.4894734655992785
2622,-0.21250983703868973,7.16,11.0,-0.4843449048224134
2742,-0.026358150552475736,2.9,11.0,-0.5008323084792786
2786,-0.1884993349135677,8.04,12.0,-0.6955846104224133
2834,-0.266208748934445,7.82,13.0,-0.4843449048224134
2838,-0.2974333922854748,9.15,14.0,-0.7612458831685046
2866,-0.11366661884319808,7.35,8.0,-0.308952974130362
2890,-0.139365112056668,8.959999999999999,11.0,-0.6891697140678776
2896,-0.22606293771566013,7.82,13.0,-0.5568240278625578
2940,-0.17172200160281328,8.36,9.0,0.13183950890963791
2954,-0.22850569150149602,12.079999999999998,5.0,-0.4843449048224134
2966,-0.22606293771566013,7.82,13.0,-0.5568240278625578
