solID,perfQ,#changes,pas,reliability
2634,-0.06836890011184107,8.14,11.0,-0.32166657076528105
2712,-0.08566234235036473,4.35,12.0,-0.24306848451385338
2728,-0.18222822569565014,6.81,12.0,-0.7285157774475053
2760,-0.20686295369874133,17.849999999999998,6.0,-0.874006509895031
2800,-0.06305037675667798,2.9,12.0,-0.24799867911989942
2830,-0.37266959098913083,6.779999999999999,12.0,-0.5269381088197655
2844,-0.2933683065923793,3.09,13.0,-0.5269381088197655
2848,-0.0712605930888309,4.35,12.0,-0.5794754008046116
2862,-0.030029460531621605,5.99,11.0,-0.3818044261177591
2892,-0.3080964883587743,4.54,12.0,-0.7263444034501656
2896,-0.054926668462393115,2.9,12.0,-0.7261864884706246
2906,-0.26834924672939425,20.09,5.0,-0.8484412613320225
2912,-0.06281045228968483,2.9,13.0,-0.5218499992341787
2928,-0.08566234235036473,4.35,12.0,-0.24306848451385338
2930,-0.3080964883587743,4.54,12.0,-0.7263444034501656
2932,-0.07911147910590492,6.15,11.0,-0.059492271299000754
