solID,perfQ,#changes,pas,reliability
2544,-0.28483626572671567,12.93,10.0,0.18874293960906058
2636,-0.3135466164071348,18.11,13.0,-0.3138232240557397
2716,-0.17845176064924145,6.59,11.0,-0.4843449048224134
2730,-0.13629570897377624,16.31,10.0,-0.6406897054940779
2786,0.11067602140201578,6.78,5.0,-0.47821977486787764
2808,-0.31354369434548685,16.31,13.0,-0.3138232240557397
2816,-0.15560071370116635,14.510000000000002,9.0,0.06850159994624738
2822,-0.18039302506780522,7.0,13.0,0.18858370396146024
2864,-0.13163926410250215,6.78,11.0,-0.4846211198012129
2880,-0.15005686116542197,6.81,13.0,-0.48465209016726885
2896,-0.148635775903391,12.71,13.0,-0.6406897054940779
2902,-0.19102787903724416,8.96,13.0,-0.48446410491547803
2922,-0.3135459710298778,11.39,13.0,-0.3138232240557396
2932,-0.17226527619860107,16.12,11.0,-0.48876727182787766
2934,-0.07728455826811305,12.27,9.0,0.06834236429864704
2938,-0.148635775903391,12.71,13.0,-0.6406897054940779
