solID,perfQ,#changes,pas,reliability
2504,-0.09851293099421118,5.71,10.0,-0.5022993627078778
2586,-0.15479988974145384,5.8999999999999995,13.0,-0.32417355291382965
2628,-0.25619780882264503,9.18,11.0,-0.053895078547877784
2748,-0.25241936529899606,8.36,12.0,-0.053651241431470154
2760,-0.11781581916692134,12.27,7.0,-0.4871970790003006
2768,-0.21876265545192108,8.17,11.0,0.18241111160010048
2782,-0.19374363159329572,7.159999999999999,10.0,-0.502456059002836
2786,-0.20843528699225655,9.15,13.0,-0.17084689306033013
2802,-0.19388297731336973,8.17,10.0,-0.5022993627078777
2810,-0.16859351604427483,8.14,11.0,-0.6811555799584732
2814,-0.3315425224383141,13.94,5.0,-0.7628425468717954
2826,-0.19282686271672103,10.379999999999999,9.0,-0.49134619278787767
2852,-0.09916544355752646,7.35,10.0,-0.5097558209478776
2856,-0.23391370367215641,13.280000000000001,5.0,-0.32417355291382965
2882,-0.18506163779190837,6.72,11.0,-0.053895078547877784
2890,-0.2522600614289389,10.16,13.0,-0.729998664869447
