solID,perfQ,#changes,pas,reliability
2704,-0.018926809329768198,2.9,12.0,-0.4887672718278777
2730,-0.33085076040443184,8.58,10.0,-0.4847185024622899
2738,-0.26783124419660936,12.08,9.0,0.1822544153051423
2782,-0.03148967092597834,3.09,13.0,-0.4887588614178835
2844,-0.2111438600713311,11.29,9.0,-0.5267801938402247
2850,-0.25187321915840943,12.08,6.0,-0.050649324048220534
2864,-0.026358150552475736,2.9,11.0,-0.4709943213873172
2874,-0.13444418514790749,5.359999999999999,13.0,-0.5218499992341787
2876,-0.247861317856045,12.18,13.0,-0.7632087124755751
2880,-0.1065483947006798,3.09,12.0,-0.48871747243625924
2890,-0.08834178560008622,4.35,12.0,-0.7264608780966852
2898,-0.23053026778991476,12.08,5.0,-0.494844257882836
2906,-0.37263371241627663,8.23,14.0,-0.24841231231431166
2916,-0.05263452953872861,2.9,12.0,-0.2524610816798993
2924,-0.06572908570520906,4.35,11.0,-0.4518673763102992
2926,-0.2498713365158801,13.0,13.0,-0.7628938538346521
