solID,perfQ,#changes,pas,reliability
2640,-0.18506448295215222,6.37,12.0,-0.4887672718278777
2720,-0.3155105251490812,9.459999999999999,11.0,-0.4707480644657134
2772,-0.1249502062745318,6.81,11.0,-0.5532904199994019
2780,-0.11933116211460708,8.96,10.0,-0.4709943213873172
2836,-0.16915258370335745,5.55,13.0,-0.48902797027738276
2838,-0.15654413704465342,7.699999999999999,14.0,-0.7633470824377081
2840,-0.09018341055935566,3.91,12.0,-0.4887672718278777
2844,-0.27513503775504394,7.0,12.0,-0.6889234571462738
2860,-0.13047481741980446,9.27,11.0,-0.5532904199994019
2862,-0.0977782460479882,5.36,11.0,-0.5008323084792785
2870,-0.10175273971052753,12.43,9.0,-0.4887672718278777
2880,-0.08884535475532285,5.55,12.0,-0.5022993627078777
2888,-0.14451174380080373,11.48,13.0,-0.76682136371962
2900,-0.23492171659743502,6.56,13.0,-0.7626036324265925
2908,-0.1717220016028133,8.01,10.0,-0.36637059333375255
2910,-0.2349220633768306,9.02,14.0,-0.7626036324265925
